{
    "worldedit.expand.description.vert": "Vergroot de verticale selectie tot de wereldgrenzen.",
    "worldedit.expand.expanded": "Regio uitgebreid met {0} blokken",
    "worldedit.expand.expanded.vert": "Regio uitgebreid met {0} blokken (boven tot beneden).",
    "worldedit.biomeinfo.lineofsight": "Klimaten op kijkpunt: {0}",
    "worldedit.biomeinfo.position": "Vegetatie op uw positie: {0}",
    "worldedit.biomeinfo.selection": "Vegetaties in je selectie: {0}",
    "worldedit.brush.radius-too-large": "Maximaal toegestane borstel radius: {0}",
    "worldedit.brush.apply.description": "Pas borstel toe, pas een functie toe aan elke blok",
    "worldedit.brush.apply.radius": "De grootte van de borstel",
    "worldedit.brush.apply.shape": "De vorm van het gebied",
    "worldedit.brush.apply.type": "Type van borstel om te gebruiken",
    "worldedit.brush.apply.item.warning": "Deze borstel simuleert voorwerpengebruik. De effecten werkt mogelijk niet op alle platformen, kan mogelijk niet ongedaan te maken zijn, en kan vreemde interacties met andere mods/plugins veroorzaken. Gebruik op eigen risico.",
    "worldedit.brush.paint.description": "Verf borstel, voeg een functie toe aan een oppervlak",
    "worldedit.brush.paint.size": "De grootte van de borstel",
    "worldedit.brush.paint.shape": "De vorm van het gebied",
    "worldedit.brush.paint.density": "De dichtheid van de brush",
    "worldedit.brush.paint.type": "Type van borstel om te gebruiken",
    "worldedit.brush.paint.item.warning": "Deze borstel simuleert voorwerpengebruik. De effecten werkt mogelijk niet op alle platformen, kan mogelijk niet ongedaan te maken zijn, en kan vreemde interacties met andere mods/plugins veroorzaken. Gebruik op eigen risico.",
    "worldedit.brush.sphere.equip": "Bol borstel vorm geselecteerd ({0}).",
    "worldedit.brush.cylinder.equip": "Cilinder borstel vorm geselecteerd ({0} bij {1}).",
    "worldedit.brush.clipboard.equip": "Klembord borstel vorm geselecteerd.",
    "worldedit.brush.smooth.equip": "Verzachtingsborstel geactiveerd ({0} x {1}x met {2}).",
    "worldedit.brush.extinguish.equip": "Brandblusser geactiveerd ({0}).",
    "worldedit.brush.gravity.equip": "Zwaartekrachtborstel geactiveerd ({0}).",
    "worldedit.brush.butcher.equip": "Slagersborstel geactiveerd ({0}).",
    "worldedit.brush.operation.equip": "Borstel ingeseld op {0}.",
    "worldedit.brush.heightmap.equip": "Hoogtekaart kwast geactiveerd ({0}).",
    "worldedit.brush.heightmap.unknown": "Onbekend hoogtekaart kwast {0}.",
    "worldedit.brush.none.equip": "Borstel ontkoppelt van je huidig voorwerp.",
    "worldedit.drawsel.disabled": "Server CUI uitgeschakeld.",
    "worldedit.drawsel.enabled": "Server CUI ingeschakeld. Dit ondersteunt alleen kubus regio's met een maximale grootte van 32x32x32.",
    "worldedit.drawsel.disabled.already": "Server CUI is al uitgeschakeld.",
    "worldedit.drawsel.enabled.already": "Server CUI is al ingeschakeld.",
    "worldedit.limit.too-high": "De limiet voor jou is {0}.",
    "worldedit.limit.set": "Blok wijzigingslimiet is ingesteld op {0}.",
    "worldedit.limit.return-to-default": "(Gebruik //limit om terug te gaan naar de standaard.)",
    "worldedit.timeout.too-high": "Jouw maximaal toegestane time-out is {0}ms.",
    "worldedit.timeout.set": "Time-out tijd ingesteld op {0}ms.",
    "worldedit.timeout.return-to-default": " (Gebruik //timeout om terug te gaan naar de standaard.)",
    "worldedit.fast.disabled": "Snelle modus uitgeschakeld.",
    "worldedit.fast.enabled": "Snelle modus ingeschakeld. Verlichting in de betreffende chunks kan verkeerd zijn en/of u moet mogelijk opnieuw inloggen om wijzigingen te zien.",
    "worldedit.fast.disabled.already": "Snelle modus is al uitgeschakeld.",
    "worldedit.fast.enabled.already": "Snelle modus is al ingeschakeld.",
    "worldedit.perf.sideeffect.set-all": "Alle bijwerkeffecten ingesteld op {0}",
    "worldedit.reorder.current": "De herordeningsmodus is {0}",
    "worldedit.reorder.set": "De herordeningsmodus is nu {0}",
    "worldedit.gmask.disabled": "Globaal masker uitgeschakeld.",
    "worldedit.gmask.set": "Globaal masker ingesteld.",
    "worldedit.toggleplace.pos1": "Nu plaatsen op pos #1.",
    "worldedit.toggleplace.player": "Wordt nu geplaatst op het blok waarin je staat.",
    "worldedit.searchitem.too-short": "Geef een langere zoekopdracht op (lengte > 2).",
    "worldedit.searchitem.either-b-or-i": "Je kunt de 'b'- en 'i'-vlaggen niet samen gebruiken.",
    "worldedit.searchitem.searching": "(Een ogenblik geduld... zoeken tussen items.)",
    "worldedit.watchdog.no-hook": "Kan niet communiceren met de waakhond van dit platform.",
    "worldedit.watchdog.active.already": "Waakhondcommunicatie al actief.",
    "worldedit.watchdog.inactive.already": "Waakhondcommunicatie al inactief.",
    "worldedit.watchdog.active": "Waakhondcommunicatie is nu geactiveerd.",
    "worldedit.watchdog.inactive": "Waakhondcommunicatie is nu gedeactiveerd.",
    "worldedit.world.remove": "Verwijderde wereld overschrijving.",
    "worldedit.world.set": "Je bewerkt nu de wereld {0}. (Gebruik //world om weer de huidige wereld te bewerken.)",
    "worldedit.undo.undone": "{0} bewerkingen ongedaan gemaakt.",
    "worldedit.undo.none": "Niets meer om ongedaan te maken.",
    "worldedit.redo.redone": "{0} bewerkingen herhaald.",
    "worldedit.redo.none": "Niets meer om opnieuw te doen.",
    "worldedit.clearhistory.cleared": "Geschiedenis gewist.",
    "worldedit.raytrace.noblock": "Geen blok in zicht!",
    "worldedit.restore.not-configured": "Snapshot/backup herstel is niet geconfigureerd.",
    "worldedit.restore.not-available": "Die snapshot bestaat niet of is niet beschikbaar.",
    "worldedit.restore.failed": "Fout bij laden van snapshot: {0}",
    "worldedit.restore.loaded": "Snapshot '{0}' geladen; nu herstellen...",
    "worldedit.restore.restored": "Teruggezet met {0} ontbrekende chunks en {1} andere fouten.",
    "worldedit.restore.none-for-specific-world": "Geen snapshots gevonden voor de wereld '{0}'.",
    "worldedit.restore.none-for-world": "Geen snapshots gevonden voor deze wereld.",
    "worldedit.restore.none-found": "Geen snapshots gevonden.",
    "worldedit.restore.none-found-console": "Geen snapshots gevonden. Zie de console voor meer informatie.",
    "worldedit.restore.chunk-not-present": "Geen chunks gevonden in deze snapshot.",
    "worldedit.restore.chunk-load-failed": "De chunks konden niet geladen worden. (Beschadigd archief?)",
    "worldedit.restore.block-place-failed": "Door een fout konden geen blokken worden hersteld.",
    "worldedit.restore.block-place-error": "Laatste fout: {0}",
    "worldedit.snapshot.use.newest": "De nieuwste snapshot wordt nu gebruikt.",
    "worldedit.snapshot.use": "Snapshot ingesteld op: {0}",
    "worldedit.snapshot.none-before": "Kon geen snapshot vinden voor {0}.",
    "worldedit.snapshot.none-after": "Kon geen snapshot vinden na {0}.",
    "worldedit.snapshot.index-above-0": "Ongeldig nummer, de nummering begint bij 1.",
    "worldedit.snapshot.index-oob": "Ongeldig nummer, je moet een nummer van 1 t/m {0} opgeven.",
    "worldedit.schematic.unknown-format": "Onbekend schematic formaat: {0}.",
    "worldedit.schematic.load.does-not-exist": "Schematic {0} bestaat niet!",
    "worldedit.schematic.load.loading": "(Een ogenblik geduld... schematic wordt geladen.)",
    "worldedit.schematic.save.already-exists": "Deze schematic bestaat al. Gebruik de -f vlag om deze te overschrijven.",
    "worldedit.schematic.save.failed-directory": "Map voor schematics kon niet worden gemaakt!",
    "worldedit.schematic.save.saving": "(Een ogenblik geduld... schematic opslaan.)",
    "worldedit.schematic.delete.does-not-exist": "Schematic {0} bestaat niet!",
    "worldedit.schematic.delete.failed": "Verwijderen van {0} mislukt! Is het alleen-lezen?",
    "worldedit.schematic.delete.deleted": "{0} is verwijderd.",
    "worldedit.schematic.formats.title": "Beschikbare klembordformaten (Naam: termen)",
    "worldedit.pos.already-set": "Positie is al ingesteld.",
    "worldedit.pos.console-require-coords": "De console moet verplicht coördinaten opgeven.",
    "worldedit.hpos.no-block": "Geen blok in zicht!",
    "worldedit.hpos.already-set": "Positie is al ingesteld.",
    "worldedit.chunk.selected-multiple": "Chunks geselecteerd: ({0}, {1}, {2}) - ({3}, {4}, {5})",
    "worldedit.wand.invalid": "Toverstokitem is verkeerd ingesteld of uitgezet.",
    "worldedit.wand.selwand.info": "Linksklikken: positie #1; rechtsklikken: positie #2",
    "worldedit.wand.navwand.info": "Linksklikken: springen naar locatie; rechtsklikken: door muren heengaan",
    "worldedit.contract.contracted": "Regio met {0} blokken verkleind.",
    "worldedit.shift.shifted": "Regio verlegd.",
    "worldedit.size.offset": "Verschuiving: {0}",
    "worldedit.size.type": "Type: {0}",
    "worldedit.size.size": "Grootte: {0}",
    "worldedit.size.distance": "Balkafstand: {0}",
    "worldedit.size.blocks": "Aantal blokken: {0}",
    "worldedit.count.counted": "Geteld: {0}",
    "worldedit.distr.no-blocks": "Geen blokken geteld.",
    "worldedit.distr.no-previous": "Geen vorige distributie.",
    "worldedit.distr.total": "Totaal aantal blokken: {0}",
    "worldedit.select.cleared": "Selectie gewist.",
    "worldedit.select.cuboid.message": "Balk: linksklikken voor punt 1, rechtsklikken voor punt 2",
    "worldedit.select.cuboid.description": "Selecteer de twee hoeken van een balk",
    "worldedit.select.extend.message": "Balk: linksklikken voor startpunt, rechtsklikken om uit te breiden",
    "worldedit.select.extend.description": "Snelle balk-selectiemodus",
    "worldedit.select.poly.message": "2D-polygoon selecteren: links/rechtsklikken om een punt toe te voegen.",
    "worldedit.select.poly.limit-message": "Maximaal {0} punten.",
    "worldedit.select.poly.description": "Selecteer een 2D-polygoon met hoogte",
    "worldedit.select.ellipsoid.message": "Ellipsoïde selecteren: linkermuisknop=midden, rechtermuisknop om uit te breiden",
    "worldedit.select.ellipsoid.description": "Selecteer een ellipsoïde",
    "worldedit.select.sphere.message": "Bol selecteren: linkermuisknop=midden; rechtermuisknop om straal in te stellen",
    "worldedit.select.sphere.description": "Selecteer een bol",
    "worldedit.select.cyl.message": "Cilindervormige selectie: Linkermuisknop=midden, rechtermuisknop om uit te breiden",
    "worldedit.select.cyl.description": "Selecteer een cilinder",
    "worldedit.select.convex.message": "Convex veelvlak selectie: linkermuisknop=eerste punt, rechtermuisknop om meer toe te voegen.",
    "worldedit.select.convex.limit-message": "{0} punten maximaal.",
    "worldedit.select.convex.description": "Selecteer een convexe veelvlak",
    "worldedit.select.default-set": "Uw standaard regio selector is nu {0}.",
    "worldedit.chunkinfo.chunk": "Chunk: {0}, {1}",
    "worldedit.chunkinfo.old-filename": "Oud formaat: {0}",
    "worldedit.chunkinfo.mcregion-filename": "McRegion: regio/{0}",
    "worldedit.listchunks.listfor": "Lijst met chunks maken voor: {0}",
    "worldedit.drain.drained": "{0} blokken zijn drooggelegd.",
    "worldedit.fill.created": "{0} blokken zijn gevuld.",
    "worldedit.fillr.created": "{0} blokken zijn gevuld.",
    "worldedit.fixlava.fixed": "{0} lavablokken zijn gerepareerd.",
    "worldedit.fixwater.fixed": "{0} waterblokken zijn gerepareerd.",
    "worldedit.removeabove.removed": "{0} blokken zijn verwijderd.",
    "worldedit.removebelow.removed": "{0} blokken zijn verwijderd.",
    "worldedit.removenear.removed": "{0} blokken zijn verwijderd.",
    "worldedit.replacenear.replaced": "{0} blokken zijn vervangen.",
    "worldedit.snow.created": "{0} oppervlakken zijn bedekt.",
    "worldedit.thaw.removed": "{0} blokken zijn ontdooid.",
    "worldedit.green.changed": "{0} blokken zijn vergroend.",
    "worldedit.extinguish.removed": "{0} branden zijn geblust.",
    "worldedit.butcher.killed": "{0} mobs zijn gedood in een straal van {1}.",
    "worldedit.butcher.explain-all": "Gebruik -1 om alle mobs uit de geladen chunks te verwijderen",
    "worldedit.remove.removed": "{0} entiteiten zijn gemarkeerd voor verwijdering.",
    "worldedit.remove.explain-all": "Gebruik -1 om alle entiteiten te verwijderen in geladen chunks",
    "worldedit.calc.invalid": "'{0}' kon niet ingelezen worden als geldige expressie",
    "worldedit.paste.pasted": "De inhoud van het klembord is geplakt op {0}",
    "worldedit.paste.selected": "Plakregio voor klembord ingesteld.",
    "worldedit.rotate.no-interpolation": "Let wel: interpolatie wordt nog niet ondersteund, dus gebruik het liefst alleen hoeken van 90 graden.",
    "worldedit.rotate.rotated": "De kopie op het klembord is gedraaid.",
    "worldedit.flip.flipped": "De kopie op het klembord is omgedaaid.",
    "worldedit.clearclipboard.cleared": "Klembord leeggemaakt.",
    "worldedit.set.done": "Handeling geslaagd.",
    "worldedit.set.done.verbose": "Handeling geslaagd ({0}).",
    "worldedit.line.changed": "{0} blokken zijn veranderd.",
    "worldedit.line.invalid-type": "//line werkt alleen met kubus selecties of convexe veelvlak selecties",
    "worldedit.curve.changed": "{0} blokken zijn veranderd.",
    "worldedit.curve.invalid-type": "//curve werkt alleen met convexe veelvlakselecties",
    "worldedit.replace.replaced": "{0} blokken zijn vervangen.",
    "worldedit.stack.changed": "{0} blokken veranderd. Ongedaan maken met //undo",
    "worldedit.regen.regenerated": "Regio opnieuw gegenereerd.",
    "worldedit.regen.failed": "Kan chunks niet opnieuw genereren. Zie de console voor meer informatie.",
    "worldedit.walls.changed": "{0} blokken veranderd.",
    "worldedit.faces.changed": "{0} blokken veranderd.",
    "worldedit.overlay.overlaid": "{0} blokken zijn bedekt.",
    "worldedit.naturalize.naturalized": "{0} blok(ken) zien er nu natuurlijker uit.",
    "worldedit.center.changed": "Middelpunt ingesteld ({0} blokken gewijzigd)",
    "worldedit.smooth.changed": "Hoogtekaart van het terrein is verzacht. {0} blokken zijn gewijzigd.",
    "worldedit.move.moved": "{0} blokken verplaatst.",
    "worldedit.deform.deformed": "{0} blokken zijn vervormd.",
    "worldedit.hollow.changed": "{0} blokken zijn gewijzigd.",
    "worldedit.forest.created": "{0} bomen geplaatst.",
    "worldedit.flora.created": "{0} bloemen geplaatst.",
    "worldedit.unstuck.moved": "Alsjeblieft!",
    "worldedit.ascend.obstructed": "Geen vrije plek boven je gevonden.",
    "worldedit.ascend.moved": "{0} blokken opgestegen.",
    "worldedit.descend.obstructed": "Geen vrije plek onder je gevonden.",
    "worldedit.descend.moved": "{0} blokken afgedaald.",
    "worldedit.ceil.obstructed": "Geen vrije plek boven je gevonden.",
    "worldedit.ceil.moved": "Woesh!",
    "worldedit.thru.obstructed": "Geen vrije plek vóór je gevonden.",
    "worldedit.thru.moved": "Woesh!",
    "worldedit.jumpto.moved": "Poef!",
    "worldedit.jumpto.none": "Geen blokken in zicht (of te ver weg)!",
    "worldedit.up.obstructed": "Je zou iets boven je raken.",
    "worldedit.up.moved": "Woesh!",
    "worldedit.cyl.invalid-radius": "Je moet één of twee waardes opgeven voor de straal.",
    "worldedit.cyl.created": "{0} blokken zijn geplaatst.",
    "worldedit.sphere.invalid-radius": "Je moet één of drie waardes opgeven voor de straal.",
    "worldedit.sphere.created": "{0} blokken zijn geplaatst.",
    "worldedit.forestgen.created": "{0} bomen geplaatst.",
    "worldedit.pumpkins.created": "{0} groepjes pompoenen geplaatst.",
    "worldedit.pyramid.created": "{0} blokken zijn geplaatst.",
    "worldedit.generate.created": "{0} blokken zijn geplaatst.",
    "worldedit.generate.changed": "{0} kolommen zijn in aanmerking gekomen.",
    "worldedit.reload.config": "Configuratie is herladen!",
    "worldedit.report.written": "WorldEdit-rapport geschreven naar {0}",
    "worldedit.report.error": "Kon rapport niet schrijven: {0}",
    "worldedit.report.callback": "WorldEdit-rapport: {0}.report",
    "worldedit.timezone.invalid": "Ongeldige tijdzone",
    "worldedit.timezone.set": "Tijdzone voor deze sessie ingesteld op: {0}",
    "worldedit.timezone.current": "De huidige tijd in die tijdzone is: {0}",
    "worldedit.version.version": "WorldEdit-versie {0}",
    "worldedit.version.bukkit.unsupported-adapter": "Deze versie van WorldEdit ondersteunt uw versie van Bukkit niet volledig. Blok entiteiten (bijv. kisten) zullen leeg zijn, block eigenschappen (bijv. rotatie) zullen missen, en andere dingen zullen mogelijk niet werken. Update WorldEdit om deze functionaliteit te herstellen: {0}",
    "worldedit.command.time-elapsed": "{0}s verstreken (geschiedenis: {1} veranderd; {2} blokken/sec).",
    "worldedit.command.permissions": "Je hebt geen toestemming daarvoor. Zit je in de juiste modus?",
    "worldedit.command.player-only": "Dit commando moet uitgevoerd worden met of door een speler.",
    "worldedit.command.error.report": "Rapporteer alsjeblieft deze fout: [Zie de console]",
    "worldedit.pastebin.uploading": "(Een ogenblik geduld... uitvoer wordt verzonden naar pastebin...)",
    "worldedit.session.cant-find-session": "Kan de sessie voor {0} niet vinden",
    "worldedit.platform.no-file-dialog": "Bestanddialogen worden niet ondersteund in uw omgeving.",
    "worldedit.tool.max-block-changes": "Maximum aantal blokwijzigingen bereikt.",
    "worldedit.tool.no-block": "Geen blok in zicht!",
    "worldedit.tool.repl.equip": "Blokvervanggereedschap gebonden aan {0}.",
    "worldedit.tool.repl.switched": "Vervanggereedschap gewisseld naar: {0}",
    "worldedit.tool.data-cycler.new-value": "Waarde van {0} is nu {1}.",
    "worldedit.tool.deltree.equip": "Zwevende boom verwijdertool gekoppeld aan {0}.",
    "worldedit.tool.deltree.not-tree": "Dat is geen boom.",
    "worldedit.tool.deltree.not-floating": "Dat is geen zwevende boom.",
    "worldedit.tool.tree.equip": "Boom gereedschap is gebonden aan {0}.",
    "worldedit.tool.tree.obstructed": "Daar kan geen boom geplaatst worden.",
    "worldedit.tool.info.equip": "Info gereedschap is gebonden aan {0}.",
    "worldedit.tool.info.blockstate.hover": "Blok status",
    "worldedit.tool.info.internalid.hover": "Interne ID",
    "worldedit.tool.none.equip": "Gereedschap is losgekoppeld van je huidige item.",
    "worldedit.tool.selwand.equip": "Selectie toverstok gebonden aan {0}.",
    "worldedit.tool.navwand.equip": "Navigatie toverstok is gebonden aan {0}.",
    "worldedit.tool.farwand.equip": "Langeafstandstoverstok gebonden aan {0}.",
    "worldedit.tool.lrbuild.equip": "Langeafstandsbouwgereedschap gebonden aan {0}.",
    "worldedit.tool.lrbuild.set": "Linksklikken ingesteld op {0}; rechtsklikken op {1}.",
    "worldedit.tool.stack.equip": "Stapel tool is gebonden aan {0}.",
    "worldedit.tool.superpickaxe.mode.single": "Enkele modus ingesteld. Linksklikken met een pikhouweel. // om uit te zetten.",
    "worldedit.tool.superpickaxe.mode.area": "Gebiedsmodus ingesteld. Linksklikken met een pikhouweel. // om uit te zetten.",
    "worldedit.tool.superpickaxe.mode.recursive": "Recursieve modus ingesteld. Linksklikken met een pikhouweel. // om uit te zetten.",
    "worldedit.tool.superpickaxe.max-range": "Maximaal bereik is {0}.",
    "worldedit.tool.superpickaxe.enabled.already": "Superpikhouweel is al ingeschakeld.",
    "worldedit.tool.superpickaxe.disabled.already": "Superpikhouweel al uitgeschakeld.",
    "worldedit.tool.superpickaxe.enabled": "Superpikhouweel ingeschakeld.",
    "worldedit.tool.superpickaxe.disabled": "Superpikhouweel uitgeschakeld.",
    "worldedit.tool.mask.set": "Kwastmasker ingesteld.",
    "worldedit.tool.mask.disabled": "Kwastmasker uitgezet.",
    "worldedit.tool.material.set": "Kwastmateriaal ingesteld.",
    "worldedit.tool.range.set": "Kwastbereik ingesteld.",
    "worldedit.tool.size.set": "Kwastgrootte ingesteld.",
    "worldedit.tool.tracemask.set": "Volgmasker ingesteld.",
    "worldedit.tool.tracemask.disabled": "Volgmasker uitgezet.",
    "worldedit.tool.error.cannot-bind": "Kan gereedschap niet koppelen aan {0}: {1}",
    "worldedit.tool.error.item-only": "Blokken kunnen niet worden gebruikt.",
    "worldedit.execute.script-permissions": "U heeft geen toestemming om dat script te gebruiken.",
    "worldedit.executelast.no-script": "Gebruik /cs met als eerste een scriptnaam.",
    "worldedit.script.read-error": "Script leesfout: {0}",
    "worldedit.script.unsupported": "Alleen .js scripts zijn momenteel ondersteund",
    "worldedit.script.file-not-found": "Script bestaat niet: {0}",
    "worldedit.script.no-script-engine": "Fout bij het vinden van een geïnstalleerde scriptengine.\nZie https://worldedit.enginehub.org/en/latest/usage/other/craftscripts/",
    "worldedit.script.failed": "Uitvoeren mislukt: {0}",
    "worldedit.script.failed-console": "Uitvoeren mislukt (zie console): {0}",
    "worldedit.operation.affected.biome": "{0} biomen aangepast",
    "worldedit.operation.affected.block": "{0} blokken aangepast",
    "worldedit.operation.affected.column": "{0} kolommen aangepast",
    "worldedit.operation.affected.entity": "{0} entiteiten aangepast",
    "worldedit.operation.deform.expression": "vervormd met {0}",
    "worldedit.error.invalid-number": "Nummer verwacht; reeks gegeven.",
    "worldedit.error.no-match": "Geen overeenkomsten voor '{0}'.",
    "worldedit.error.disallowed-block": "Blok '{0}' is niet toegestaan (zie WorldEdit configuratie).",
    "worldedit.error.unknown-direction": "Onbekende richting: {0}",
    "worldedit.error.empty-clipboard": "Je klembord is leeg. Gebruik eerst //copy.",
    "worldedit.error.no-file-selected": "Geen bestand geselecteerd.",
    "worldedit.error.world-unloaded": "De wereld was al ontladen.",
    "worldedit.error.not-a-block": "Dit item is geen blok.",
    "worldedit.error.not-a-block.item": "Het item '{0}' is geen blok.",
    "worldedit.error.invalid-page": "Ongeldig paginanummer",
    "worldedit.error.parser.bad-state-format": "Slecht status formaat in {0}",
    "worldedit.error.parser.duplicate-property": "Dupliceer eigenschap: {0}",
    "worldedit.error.unknown": "Een onbekende fout trad op: {0}",
    "worldedit.error.missing-extent": "Geen omvang is bekend",
    "worldedit.selection.convex.info.vertices": "Hoekpunten: {0}",
    "worldedit.selection.convex.info.triangles": "Driehoeken: {0}",
    "worldedit.selection.convex.explain.primary": "Nieuwe selectie begonnen met hoekpunt {0}.",
    "worldedit.selection.convex.explain.secondary": "Hoekpunt {0} toegevoegd aan selectie.",
    "worldedit.selection.cuboid.info.pos1": "Positie 1: {0}",
    "worldedit.selection.cuboid.info.pos2": "Positie 2: {0}",
    "worldedit.selection.cuboid.explain.primary": "Eerste positie ingesteld op {0}.",
    "worldedit.selection.cuboid.explain.primary-area": "Eerste positie ingesteld op {0} ({1}).",
    "worldedit.selection.cuboid.explain.secondary": "Tweede positie ingesteld op {0}.",
    "worldedit.selection.cuboid.explain.secondary-area": "Tweede positie ingesteld op {0} ({1}).",
    "worldedit.selection.extend.explain.primary": "Selectie gestart op {0} ({1}).",
    "worldedit.selection.extend.explain.secondary": "Selectie uitgebreid om {0} te bevatten ({1}).",
    "worldedit.selection.ellipsoid.info.center": "Midden: {0}",
    "worldedit.selection.ellipsoid.info.radius": "X/Y/Z Radius: {0}",
    "worldedit.selection.ellipsoid.explain.primary": "Middelpunt positie ingesteld op {0}.",
    "worldedit.selection.ellipsoid.explain.primary-area": "Middelpunt positie ingesteld op {0} ({1}).",
    "worldedit.selection.ellipsoid.explain.secondary": "Straal ingesteld op {0}.",
    "worldedit.selection.ellipsoid.explain.secondary-area": "Straal ingesteld op {0} ({1}).",
    "worldedit.selection.cylinder.info.center": "Midden: {0}",
    "worldedit.selection.cylinder.info.radius": "Straal: {0}",
    "worldedit.selection.cylinder.explain.primary": "Begin een nieuwe cilindervormige selectie op {0}.",
    "worldedit.selection.cylinder.explain.secondary": "Straal ingesteld op {0}/{1} blokken. ({2})",
    "worldedit.selection.cylinder.explain.secondary-missing": "U moet eerst het middelpunt selecteren voordat u de straal instelt.",
    "worldedit.selection.polygon2d.info": "# punten: {0}",
    "worldedit.selection.polygon2d.explain.primary": "Starten van een nieuwe polygoon op {0}.",
    "worldedit.selection.polygon2d.explain.secondary": "Punt #{0} toegevoegd op {1}.",
    "worldedit.selection.sphere.explain.secondary": "Straal ingesteld op {0}.",
    "worldedit.selection.sphere.explain.secondary-defined": "Straal ingesteld op {0} ({1}).",
    "worldedit.selection.null.error.immutable": "Kan NullRegio niet wijzigen.",
    "worldedit.selection.intersection.error.cannot-expand": "Kan regio kruispunt niet uitbreiden.",
    "worldedit.sideeffect.lighting": "Belichting",
    "worldedit.sideeffect.lighting.description": "Updates block verlichting",
    "worldedit.sideeffect.neighbors": "Buren",
    "worldedit.sideeffect.validation": "Validatie",
    "worldedit.sideeffect.events": "Mod/Plugin gebeurtenissen",
    "worldedit.sideeffect.events.description": "Vertelt andere mods/plugins over deze wijzigingen indien van toepassing",
    "worldedit.sideeffect.state.on": "Aan",
    "worldedit.sideeffect.state.delayed": "Vertraagd",
    "worldedit.sideeffect.state.off": "Uit",
    "worldedit.sideeffect.box.current": "Huidig",
    "worldedit.sideeffect.box.change-to": "Klik om in te stellen op {0}",
    "worldedit.help.command-not-found": "Commando '{0}' niet gevonden.",
    "worldedit.help.no-subcommands": "'{0}' heeft geen subcommando's. (Misschien is '{1}' bedoeld als parameter?)",
    "worldedit.help.subcommand-not-found": "Het subcommando '{0}' onder '{1}' kon niet worden gevonden.",
    "worldedit.cli.stopping": "Aan het stoppen!",
    "worldedit.cli.unknown-command": "Onbekend commando!"
}
