{
    "worldedit.expand.description.vert": "Espandi la selezione verticalmente ai limiti del mondo.",
    "worldedit.expand.expanded": "Regione espansa {0} blocchi",
    "worldedit.expand.expanded.vert": "Blocchi regionali estesi {0} (dall'alto al basso).",
    "worldedit.biomeinfo.lineofsight": "Biomi al punto di vista: {0}",
    "worldedit.biomeinfo.position": "Biomi alla tua posizione: {0}",
    "worldedit.biomeinfo.selection": "Biomi alla tua selezione: {0}",
    "worldedit.brush.radius-too-large": "Massimo raggio pennello: {0}",
    "worldedit.brush.apply.description": "Applica pennello, applica una funzione ad ogni blocco",
    "worldedit.brush.apply.radius": "La dimensione del pennello",
    "worldedit.brush.apply.shape": "La forma della regione",
    "worldedit.brush.apply.type": "Tipo di pennello da usare",
    "worldedit.brush.apply.item.warning": "Questo pennello simula l'uso dell'elemento. I suoi effetti potrebbero non funzionare su tutte le piattaforme, potrebbero non essere annullabili, e potrebbero causare strane interazioni con altri plugin/modalità. Usa a tuo proprio rischio.",
    "worldedit.brush.paint.description": "Vernice pennello, applica una funzione ad una superficie",
    "worldedit.brush.paint.size": "La dimensione del pennello",
    "worldedit.brush.paint.shape": "La forma della regione",
    "worldedit.brush.paint.density": "La densità del pennello",
    "worldedit.brush.paint.type": "Tipo di pennello da usare",
    "worldedit.brush.paint.item.warning": "Questo pennello simula l'uso dell'elemento. I suoi effetti potrebbero non funzionare su tutte le piattaforme, potrebbero non essere annullabili, e potrebbero causare strane interazioni con altri plugin/modalità. Usa a tuo proprio rischio.",
    "worldedit.brush.sphere.equip": "Forma pennello a sfera equipaggiata ({0}).",
    "worldedit.brush.cylinder.equip": "Forma pennello a cilindro equipaggiata ({0} da {1}).",
    "worldedit.brush.clipboard.equip": "Forma pennello appunti equipaggiato.",
    "worldedit.brush.smooth.equip": "Colpo di pennello Smooth equipaggiato ({0} x {1}x utilizzando {2}).",
    "worldedit.brush.extinguish.equip": "Estintore equipaggiato ({0}).",
    "worldedit.brush.gravity.equip": "Pennello gravità equipaggiato ({0}).",
    "worldedit.brush.butcher.equip": "Pennello macellaio equipaggiato ({0}).",
    "worldedit.brush.operation.equip": "Imposta pennello a {0}.",
    "worldedit.brush.heightmap.equip": "Heightmap pennello equipaggiato ({0}).",
    "worldedit.brush.heightmap.unknown": "Pennello heightmap sconosciuto: {0}.",
    "worldedit.brush.none.equip": "Brucia l'uscita dal tuo oggetto corrente.",
    "worldedit.setbiome.changed": "I biomi sono stati modificati per circa {0} blocchi.",
    "worldedit.setbiome.warning": "Potresti dover reiscriverti alla tua partita (o chiudere e riaprire il tuo mondo) per vedere le modifiche.",
    "worldedit.drawsel.disabled": "CUI server disabilitato.",
    "worldedit.drawsel.enabled": "CUI server abilitato. Questo supporta solo le regioni cuboidi, con una dimensione massima di 32x32x32.",
    "worldedit.drawsel.disabled.already": "CUI server già disabilitato.",
    "worldedit.drawsel.enabled.already": "CUI server già abilitato.",
    "worldedit.limit.too-high": "Il tuo limite consentito massimo è {0}.",
    "worldedit.limit.set": "Limite di modifica blocco impostato a {0}.",
    "worldedit.limit.return-to-default": "(Usa //limit per tornare al predefinito.)",
    "worldedit.timeout.too-high": "Il tuo timeout massimo consentito è {0}ms.",
    "worldedit.timeout.set": "Tempo di timeout impostato su {0} ms.",
    "worldedit.timeout.return-to-default": " (Usa //timeout per tornare al predefinito.)",
    "worldedit.fast.disabled": "Modalità Warp disabilitata.",
    "worldedit.fast.enabled": "Modalità veloce attivata. Illuminazione nei chunk colpiti potrebbe essere sbagliata e/o potresti dover rientrare per vedere le modifiche.",
    "worldedit.fast.disabled.already": "Modalità Warp disabilitata.",
    "worldedit.fast.enabled.already": "Modalità Warp disabilitata.",
    "worldedit.perf.sideeffect.set": "Effetto laterale \"{0}\" impostato a {1}",
    "worldedit.perf.sideeffect.get": "Effetto laterale \"{0}\" impostato a {1}",
    "worldedit.perf.sideeffect.already-set": "Effetto laterale \"{0}\" impostato a {1}",
    "worldedit.perf.sideeffect.set-all": "Tutti gli effetti collaterali impostati su {0}",
    "worldedit.reorder.current": "La modalità riordino è {0}",
    "worldedit.reorder.set": "La modalità riordino è {0}",
    "worldedit.gmask.disabled": "Maschera globale disabilitata.",
    "worldedit.gmask.set": "Maschera globale disabilitata.",
    "worldedit.toggleplace.pos1": "Ora posiziona al poso #1.",
    "worldedit.toggleplace.player": "Ora posiziona al blocco in cui ti trovi.",
    "worldedit.searchitem.too-short": "Inserisci una stringa di ricerca più lunga (len > 2).",
    "worldedit.searchitem.either-b-or-i": "Non puoi usare contemporaneamente sia i flag 'b' che 'i'.",
    "worldedit.searchitem.searching": "(Attendere prego... ricerca di elementi)",
    "worldedit.watchdog.no-hook": "Questa piattaforma non ha ganci da watchdog.",
    "worldedit.watchdog.active.already": "Gancio watchdog già attivo.",
    "worldedit.watchdog.inactive.already": "Gancio del watchdog già inattivo.",
    "worldedit.watchdog.active": "Gancio watchdog già attivo.",
    "worldedit.watchdog.inactive": "Gancio watchdog già attivo.",
    "worldedit.world.remove": "Sovrascrittura del mondo rimossa.",
    "worldedit.world.set": "Imposta l'override del mondo a {0}. (Usa /world per tornare ai valori predefiniti)",
    "worldedit.undo.undone": "Annulla {0} modifiche disponibili.",
    "worldedit.undo.none": "Niente da annullare.",
    "worldedit.redo.redone": "Annulla {0} modifiche disponibili.",
    "worldedit.redo.none": "Niente da annullare.",
    "worldedit.clearhistory.cleared": "Cronologia cancellata.",
    "worldedit.raytrace.noblock": "Nessun blocco in vista!",
    "worldedit.restore.not-configured": "Non è stato configurato il ripristino del backup.",
    "worldedit.restore.not-available": "Questo snapshot non esiste o non è disponibile.",
    "worldedit.restore.failed": "Caricamento controllore: {0}, fallito",
    "worldedit.restore.loaded": "Snapshot '{0}' caricato; ora ripristina...",
    "worldedit.restore.restored": "Ripristinato; {0} chunk mancanti e {1} altri errori.",
    "worldedit.restore.none-for-specific-world": "Nessun istantaneo trovato per questo mondo '{0}'.",
    "worldedit.restore.none-for-world": "Nessun istantaneo trovato per questo mondo.",
    "worldedit.restore.none-found": "Nessuna app trovata.",
    "worldedit.restore.none-found-console": "Nessun istantaneo trovato. Vedi la console per i dettagli.",
    "worldedit.restore.chunk-not-present": "I pezzi non erano presenti in istantanea.",
    "worldedit.restore.chunk-load-failed": "Nessun chunk può essere caricato. (Archivio errato?)",
    "worldedit.restore.block-place-failed": "Gli errori hanno impedito il ripristino di qualsiasi blocco.",
    "worldedit.restore.block-place-error": "Ultimo errore: {0}",
    "worldedit.snapshot.use.newest": "Ora utilizza l'istantanea più recente.",
    "worldedit.snapshot.use": "Snapshot impostato a: {0}",
    "worldedit.snapshot.none-before": "Impossibile trovare uno snapshot prima di {0}.",
    "worldedit.snapshot.none-after": "Impossibile trovare uno snapshot prima di {0}.",
    "worldedit.snapshot.index-above-0": "Il valore deve essere maggiore o uguale a 1.",
    "worldedit.snapshot.index-oob": "Indice non valido, deve essere compreso tra 1 e {0}.",
    "worldedit.schematic.unknown-format": "Formato dello schema sconosciuto: {0}.",
    "worldedit.schematic.load.does-not-exist": "Il {0} non esiste!",
    "worldedit.schematic.load.loading": "(Attendere prego... caricamento dello schema.)",
    "worldedit.schematic.load.still-loading": "(Attendere prego... caricamento dello schema.)",
    "worldedit.schematic.save.already-exists": "Lo schema esiste già. Usa il flag -f per sovrascriverlo.",
    "worldedit.schematic.save.failed-directory": "Impossibile creare la cartella per gli schemi!",
    "worldedit.schematic.save.saving": "(Attendere prego... caricamento dello schema.)",
    "worldedit.schematic.save.still-saving": "(Attendere prego... caricamento dello schema.)",
    "worldedit.schematic.delete.does-not-exist": "Il {0} non esiste!",
    "worldedit.schematic.delete.failed": "Cancellazione di {0} fallita! È di sola lettura?",
    "worldedit.schematic.delete.deleted": "`{0}` è stato cancellato.",
    "worldedit.schematic.formats.title": "Formati disponibili per gli appunti (Nome: Lookup)",
    "worldedit.schematic.unsupported-minecraft-version": "Questa versione di WorldEdit non supporta la tua versione di Minecraft. Gli schemi non funzioneranno finché non sarà risolto.",
    "worldedit.pos.already-set": "Posizione già impostata.",
    "worldedit.pos.console-require-coords": "È necessario fornire le coordinate come console.",
    "worldedit.hpos.no-block": "Nessun blocco da vedere!",
    "worldedit.hpos.already-set": "Posizione già impostata.",
    "worldedit.chunk.selected-multiple": "Pezzi selezionati: ({0}, {1}, {2}) - ({3}, {4}, {5})",
    "worldedit.chunk.selected": "Chunks selezionati: {0}, {1}, {2}",
    "worldedit.wand.invalid": "Elemento bacchetta non configurato o disabilitato.",
    "worldedit.wand.selwand.info": "Clic sinistro: seleziona i pos #1; clic destro: seleziona i pos #2",
    "worldedit.wand.navwand.info": "Clic sinistro: salta alla posizione; Click destro: passa attraverso i muri",
    "worldedit.contract.contracted": "Blocchi regionali estesi {0}.",
    "worldedit.shift.shifted": "Regione spostata.",
    "worldedit.outset.outset": "Inizio della regione.",
    "worldedit.inset.inset": "Inserto della regione.",
    "worldedit.size.offset": "Spostamento: {0}",
    "worldedit.size.type": "Tipo: {0}",
    "worldedit.size.size": "Dimensione: {0}",
    "worldedit.size.distance": "Distanza cuboida: {0}",
    "worldedit.size.blocks": "# di blocchi: {0}",
    "worldedit.count.counted": "Conteggiato: {0}",
    "worldedit.distr.no-blocks": "Nessun blocco trovato.",
    "worldedit.distr.no-previous": "Nessuna distribuzione precedente.",
    "worldedit.distr.total": "Totale Blocco Conteggio: {0}",
    "worldedit.select.cleared": "Selezione cancellata.",
    "worldedit.select.cuboid.message": "Cuboid: clic sinistro per il punto 1, clic destro per il punto 2",
    "worldedit.select.cuboid.description": "Seleziona due angoli di un cuboide",
    "worldedit.select.extend.message": "Cuboid: clic sinistro per un punto di partenza, tasto destro per estendere",
    "worldedit.select.extend.description": "Modalità selezione veloce cuboide",
    "worldedit.select.poly.message": "Selettore poligono 2D: Click sinistro / destro per aggiungere un punto.",
    "worldedit.select.poly.limit-message": "{0} punti massimi.",
    "worldedit.select.poly.description": "Selezionare un poligono 2D con altezza",
    "worldedit.select.ellipsoid.message": "Selettore ellissoide: clic sinistro =centro, clic destro per estendere",
    "worldedit.select.ellipsoid.description": "Seleziona un ellissoide",
    "worldedit.select.sphere.message": "Selettore fonte: clic sinistro =centro, clic destro per impostare il raggio",
    "worldedit.select.sphere.description": "Seleziona una sfera",
    "worldedit.select.cyl.message": "Selettore cilindrico: Click sinistro =centro, clic destro per estendere",
    "worldedit.select.cyl.description": "Seleziona un cilindro",
    "worldedit.select.convex.message": "Selettore poliedrale convesso: clic sinistro =Primo vertice, clic destro per aggiungerne altri.",
    "worldedit.select.convex.limit-message": "{0} punti massimi.",
    "worldedit.select.convex.description": "Seleziona un poligono convesso",
    "worldedit.select.default-set": "Il selettore regione predefinito è ora {0}.",
    "worldedit.chunkinfo.chunk": "Chunk: {0}, {1}",
    "worldedit.chunkinfo.old-filename": "Vecchio formato: {0}",
    "worldedit.chunkinfo.mcregion-filename": "McRegion: regione/{0}",
    "worldedit.listchunks.listfor": "Lista dei chunk per: {0}",
    "worldedit.drain.drained": "{0} blocchi sono stati drenati.",
    "worldedit.fill.created": "{0} blocchi sono stati riempiti.",
    "worldedit.fillr.created": "{0} blocchi sono stati riempiti.",
    "worldedit.fixlava.fixed": "{0} blocchi sono stati risolti.",
    "worldedit.fixwater.fixed": "{0} sono stati risolti.",
    "worldedit.removeabove.removed": "{0} blocchi sono stati rimossi.",
    "worldedit.removebelow.removed": "{0} blocchi sono stati rimossi.",
    "worldedit.removenear.removed": "{0} blocchi sono stati rimossi.",
    "worldedit.replacenear.replaced": "{0} blocchi sono stati rimpiazzati.",
    "worldedit.snow.created": "{0} superfici sono state coperte.",
    "worldedit.thaw.removed": "{0} blocchi sono stati drenati.",
    "worldedit.green.changed": "{0} blocchi hanno di nuovo una vegetazione.",
    "worldedit.extinguish.removed": "{0} Fiamme sono stante estinte.",
    "worldedit.butcher.killed": "{0} mob sono stati uccisi in un raggio di {1}.",
    "worldedit.butcher.explain-all": "Usa -1 per rimuovere tutti i mob nei chunk caricati",
    "worldedit.remove.removed": "{0} entità sono state contrassegnate per la rimozione.",
    "worldedit.remove.explain-all": "Usa -1 per rimuovere tutti i mob nei chunk caricati",
    "worldedit.calc.invalid": "'{0}' non può essere interpretato come espressione valida",
    "worldedit.calc.invalid.with-error": "'{0}' non può essere analizzato come espressione valida: '{1}'",
    "worldedit.paste.pasted": "Gli appunti sono stati incollati a {0}",
    "worldedit.paste.selected": "Incolla regione degli appunti selezionati.",
    "worldedit.rotate.no-interpolation": "Nota: l'interpolazione non è ancora supportata, quindi gli angoli che sono multipli di 90 sono raccomandati.",
    "worldedit.rotate.rotated": "La copia degli appunti è stata ruotata.",
    "worldedit.flip.flipped": "La copia degli appunti è stata capovolta.",
    "worldedit.clearclipboard.cleared": "Appunti eliminati.",
    "worldedit.set.done": "Operazione completata.",
    "worldedit.set.done.verbose": "Operazione completata ({0}).",
    "worldedit.line.changed": "{0} blocchi sono stati cambiati.",
    "worldedit.line.invalid-type": "//line funziona solo con le selezioni cuboide o convex selezione polidrale",
    "worldedit.curve.changed": "{0} blocchi sono stati cambiati.",
    "worldedit.curve.invalid-type": "//curva funziona solo con le selezioni poliedrali convesse",
    "worldedit.replace.replaced": "{0} blocchi sono stati rimpiazzati.",
    "worldedit.stack.changed": "{0} blocchi modificati. Annulla con //undo",
    "worldedit.stack.intersecting-region": "L'offset dello stack non deve collidere con la regione quando si usano le unità di blocco",
    "worldedit.regen.regenerated": "Regione rigenerata.",
    "worldedit.regen.failed": "Impossibile rigenerare i chunk. Controlla la console per i dettagli.",
    "worldedit.walls.changed": "{0} blocchi sono stati cambiati.",
    "worldedit.faces.changed": "{0} blocchi sono stati cambiati.",
    "worldedit.overlay.overlaid": "{0} blocchi sono stati sovrapposti.",
    "worldedit.naturalize.naturalized": "{0} blocchi sono stati creati per sembrare più naturali.",
    "worldedit.center.changed": "Set del centro. ({0} blocchi cambiati)",
    "worldedit.smooth.changed": "Mappa dell'altezza del terreno sfumata. {0} blocchi sono cambiati.",
    "worldedit.move.moved": "{0} blocchi spostati.",
    "worldedit.deform.deformed": "{0} blocchi sono stati deformati.",
    "worldedit.hollow.changed": "{0} blocchi sono stati cambiati.",
    "worldedit.forest.created": "{0} alberi creati.",
    "worldedit.flora.created": "{0} flora creata.",
    "worldedit.unstuck.moved": "Ecco qua!",
    "worldedit.ascend.obstructed": "Nessun posto libero trovato sopra di te.",
    "worldedit.ascend.moved": "{0} livelli ascesi.",
    "worldedit.descend.obstructed": "Nessun posto libero qui sotto trovato.",
    "worldedit.descend.moved": "{0} livelli decrescenti.",
    "worldedit.ceil.obstructed": "Nessun posto libero trovato sopra di te.",
    "worldedit.ceil.moved": "Woosh!",
    "worldedit.thru.obstructed": "Nessun posto libero qui sotto trovato.",
    "worldedit.thru.moved": "Woosh!",
    "worldedit.jumpto.moved": "Poof!",
    "worldedit.jumpto.none": "Nessun blocco in vista (o troppo lontano)!",
    "worldedit.up.obstructed": "Colpiresti qualcosa sopra di te.",
    "worldedit.up.moved": "Woosh!",
    "worldedit.cyl.invalid-radius": "È necessario specificare i valori di raggio 1 o 2.",
    "worldedit.cyl.created": "{0} blocchi hanno di nuovo una vegetazione.",
    "worldedit.sphere.invalid-radius": "È necessario specificare i valori di raggio 1 o 3.",
    "worldedit.sphere.created": "{0} blocchi hanno di nuovo una vegetazione.",
    "worldedit.forestgen.created": "{0} alberi creati.",
    "worldedit.pumpkins.created": "{0} patch di zucca create.",
    "worldedit.pyramid.created": "{0} blocchi hanno di nuovo una vegetazione.",
    "worldedit.generate.created": "{0} blocchi hanno di nuovo una vegetazione.",
    "worldedit.generate.changed": "{0} colonne interessate.",
    "worldedit.reload.config": "&aConfigurazione ricaricata!",
    "worldedit.report.written": "Rapporto WorldEdit scritto su {0}",
    "worldedit.report.error": "Fallita la scrittura del file di configurazione {0}",
    "worldedit.report.callback": "Rapporto WorldEdit: {0}.report",
    "worldedit.timezone.invalid": "Fuso orario non valido",
    "worldedit.timezone.set": "Fuso orario impostato per questa sessione a: {0}",
    "worldedit.timezone.current": "L'ora corrente in {0} è",
    "worldedit.version.version": "WorldEdit versione {0}",
    "worldedit.version.bukkit.unsupported-adapter": "Questa versione di WorldEdit non supporta completamente la tua versione di Bukkit. Le entità di blocco (ad esempio le casse) saranno vuote, le proprietà di blocco (ad es.. rotazione) mancherà e altre cose potrebbero non funzionare. Aggiorna WorldEdit per ripristinare questa funzionalità:\n{0}",
    "worldedit.trace.no-tracing-extents": "Traccia: Non è stata utilizzata alcuna misura.",
    "worldedit.trace.action-failed": "Traccia: Azione(i) {0} a {1} scartata dalla misura {2}",
    "worldedit.trace.active.already": "Traccia già attivata.",
    "worldedit.trace.inactive.already": "Traccia già attivata.",
    "worldedit.trace.active": "Traccia già attivata.",
    "worldedit.trace.inactive": "Traccia già attivata.",
    "worldedit.command.time-elapsed": "{0}s trascorsi (cronologia: {1} cambiato; {2} blocchi/sec).",
    "worldedit.command.permissions": "Non ti è permesso farlo. Sei nella modalità giusta?",
    "worldedit.command.player-only": "Questo comando deve essere usato con un giocatore.",
    "worldedit.command.error.report": "Si prega di segnalare questo errore: [Vedi console]",
    "worldedit.pastebin.uploading": "(Si prega di attendere... inviare l'output a pastebin...)",
    "worldedit.session.cant-find-session": "Impossibile trovare la sessione per {0}",
    "worldedit.platform.no-file-dialog": "Le finestre di dialogo dei file non sono supportate nel proprio ambiente.",
    "worldedit.asset.load.loading": "(Attendere prego... caricamento dello schema.)",
    "worldedit.asset.load.still-loading": "(Attendere prego... caricamento dello schema.)",
    "worldedit.asset.load.failed": "Impossibile caricare la risorsa",
    "worldedit.tool.max-block-changes": "Limite massimo di modifica blocchi raggiunto.",
    "worldedit.tool.no-block": "Nessun blocco in vista!",
    "worldedit.tool.repl.equip": "Blocca strumento sostituto associato a {0}.",
    "worldedit.tool.repl.switched": "Strumento sostituente commutato a: {0}",
    "worldedit.tool.data-cycler.equip": "Blocca strumento data cycler associato a {0}.",
    "worldedit.tool.data-cycler.block-not-permitted": "Non è consentito ciclare il valore dei dati di quel blocco.",
    "worldedit.tool.data-cycler.cant-cycle": "I dati di quel blocco non possono essere ciclati!",
    "worldedit.tool.data-cycler.new-value": "Il valore di {0} è ora {1}.",
    "worldedit.tool.data-cycler.cycling": "Ora in bicicletta {0}.",
    "worldedit.tool.deltree.equip": "Strumento di rimozione albero flottante associato a {0}.",
    "worldedit.tool.deltree.not-tree": "Non è un albero.",
    "worldedit.tool.deltree.not-floating": "Non è un albero galleggiante.",
    "worldedit.tool.tree.equip": "Strumento ad albero associato a {0}.",
    "worldedit.tool.tree.obstructed": "Un albero non può andare lì.",
    "worldedit.tool.info.equip": "Strumento informazioni associato a {0}.",
    "worldedit.tool.info.blockstate.hover": "Stato blocco",
    "worldedit.tool.info.internalid.hover": "ID Interno",
    "worldedit.tool.info.legacy.hover": "Id legacy: dati",
    "worldedit.tool.info.light.hover": "Blocca Luce/Luce Sopra",
    "worldedit.tool.none.equip": "Strumento scollegato dall'elemento corrente.",
    "worldedit.tool.none.to.unequip": "Il tuo elemento attuale non è legato.",
    "worldedit.tool.selwand.equip": "Selezione a bacchetta associata a {0}.",
    "worldedit.tool.navwand.equip": "Navigazione a bacchetta associata a {0}.",
    "worldedit.tool.floodfill.equip": "Blocca lo strumento di riempimento alluvione associato a {0}.",
    "worldedit.tool.farwand.equip": "Strumento a bacchetta lontana associato a {0}.",
    "worldedit.tool.lrbuild.equip": "Strumento di costruzione a lungo raggio associato a {0}.",
    "worldedit.tool.lrbuild.set": "Clic sinistro impostato a {0}; clic destro impostato a {1}.",
    "worldedit.tool.stack.equip": "Strumento pila associato a {0}.",
    "worldedit.tool.superpickaxe.mode.single": "La modalità è ora singola. Fare clic con il tasto sinistro con un piccone. // per disabilitare.",
    "worldedit.tool.superpickaxe.mode.area": "La modalità è ora area. Fare clic con il tasto sinistro con un piccone. // per disabilitare.",
    "worldedit.tool.superpickaxe.mode.recursive": "La modalità è ricorsiva. Clicca con il tasto sinistro con un piccone. // per disabilitare.",
    "worldedit.tool.superpickaxe.max-range": "L'intervallo massimo è {0}.",
    "worldedit.tool.superpickaxe.enabled.already": "Super piccone già abilitato.",
    "worldedit.tool.superpickaxe.disabled.already": "Super piccone già disabilitato.",
    "worldedit.tool.superpickaxe.enabled": "Super piccone abilitato.",
    "worldedit.tool.superpickaxe.disabled": "Super piccone disabilitato.",
    "worldedit.tool.mask.set": "Maschera pennello impostata.",
    "worldedit.tool.mask.disabled": "Maschera pennello disabilitata.",
    "worldedit.tool.material.set": "Set materiale pennello.",
    "worldedit.tool.range.set": "Intervallo pennello impostato.",
    "worldedit.tool.size.set": "Dimensione pennello impostata.",
    "worldedit.tool.tracemask.set": "Maschera di traccia impostata.",
    "worldedit.tool.tracemask.disabled": "Maschera traccia disabilitata.",
    "worldedit.tool.error.cannot-bind": "Impossibile associare lo strumento a {0}: {1}",
    "worldedit.tool.error.item-only": "I blocchi non possono essere usati.",
    "worldedit.execute.script-permissions": "Non hai i permessi per usare questo script.",
    "worldedit.executelast.no-script": "Usare prima /cs con un nome di script.",
    "worldedit.script.read-error": "Errore di lettura dello script: {0}",
    "worldedit.script.unsupported": "Solo gli script .js sono attualmente supportati",
    "worldedit.script.file-not-found": "Lo script non esiste: {0}",
    "worldedit.script.no-script-engine": "Impossibile trovare un motore di script installato.\nVedi https://worldedit.enginehub.org/en/latest/usage/other/craftscripts/",
    "worldedit.script.failed": "Esecuzione non riuscita: {0}",
    "worldedit.script.failed-console": "Esecuzione non riuscita (vedi console): {0}",
    "worldedit.operation.affected.biome": "{0} colonne interessate",
    "worldedit.operation.affected.block": "{0} colonne interessate",
    "worldedit.operation.affected.column": "{0} colonne interessate",
    "worldedit.operation.affected.entity": "{0} colonne interessate",
    "worldedit.operation.deform.expression": "deformato usando {0}",
    "worldedit.error.invalid-number": "Numero previsto; stringa data.",
    "worldedit.error.invalid-number.matches": "Numero previsto; stringa \"{0}\" fornito.",
    "worldedit.error.incomplete-region": "Prima effettua una selezione regionale.",
    "worldedit.error.unknown-block": "Il nome del blocco '{0}' non è stato riconosciuto.",
    "worldedit.error.unknown-entity": "Il nome del blocco '{0}' non è stato riconosciuto.",
    "worldedit.error.unknown-mob": "Il nome del blocco '{0}' non è stato riconosciuto.",
    "worldedit.error.unknown-biome": "Il nome del blocco '{0}' non è stato riconosciuto.",
    "worldedit.error.unknown-tag": "Il nome del blocco '{0}' non è stato riconosciuto.",
    "worldedit.error.empty-tag": "Il nome del blocco '{0}' non è stato riconosciuto.",
    "worldedit.error.no-match": "Nessuna corrispondenza per '{0}'.",
    "worldedit.error.disallowed-block": "Blocco '{0}' non consentito (vedi Configurazione WorldEdit).",
    "worldedit.error.max-changes": "I blocchi massimi cambiati in un'operazione hanno raggiunto ({0}).",
    "worldedit.error.max-brush-radius": "Raggio massimo pennello (in configurazione): {0}",
    "worldedit.error.max-radius": "Raggio massimo pennello (in configurazione): {0}",
    "worldedit.error.unknown-direction": "Direzione sconosciuta: {0}",
    "worldedit.error.empty-clipboard": "Gli appunti sono vuoti. Usare prima //copia.",
    "worldedit.error.invalid-filename": "Nome file '{0}' non valido: {1}",
    "worldedit.error.invalid-filename.invalid-characters": "Carattere o estensione mancanti non validi",
    "worldedit.error.file-resolution": "Errore di risoluzione del file '{0}': {1}",
    "worldedit.error.file-resolution.outside-root": "Il percorso è fuori dalla radice consentita",
    "worldedit.error.file-resolution.resolve-failed": "Impossibile risolvere il percorso",
    "worldedit.error.file-aborted": "Selezione file interrotta.",
    "worldedit.error.no-file-selected": "Nessun file selezionato.",
    "worldedit.error.world-unloaded": "Il mondo era già scaricato.",
    "worldedit.error.not-a-block": "Questo elemento non è disponibile.",
    "worldedit.error.not-a-block.item": "L'elemento '{0}' non è un blocco.",
    "worldedit.error.incorrect-usage": "Modalità d'uso: {0}",
    "worldedit.error.invalid-page": "Numero di pagina non valido",
    "worldedit.error.parser.bad-state-format": "Formato stato errato in {0}",
    "worldedit.error.parser.duplicate-property": "Proprietà duplicata: {0}",
    "worldedit.error.parser.empty-state": "Parte vuota nello stato",
    "worldedit.error.parser.missing-equals-separator": "Separatore '=' mancante",
    "worldedit.error.parser.clipboard.missing-offset": "Spostamento specificato con @ ma nessun offset dato. Usa '#copy@[x,y,z]'.",
    "worldedit.error.parser.unknown-property": "Proprietà sconosciuta '{0}' per il blocco '{1}'",
    "worldedit.error.parser.unknown-value": "Valore sconosciuto '{0}' per la proprietà '{1}'",
    "worldedit.error.parser.empty-property": "Proprietà vuota nello stato",
    "worldedit.error.parser.empty-value": "Valore vuoto nello stato",
    "worldedit.error.parser.invalid-colon": "Colon non valido.",
    "worldedit.error.parser.invalid-expression": "Espressione non valida: {0}",
    "worldedit.error.parser.negate-nothing": "Non può negare niente!",
    "worldedit.error.parser.hanging-lbracket": "Formato non valido. Staffa sospesa su '{0}'.",
    "worldedit.error.parser.missing-rbracket": "Stato mancante finale ']'",
    "worldedit.error.parser.missing-random-type": "Manca il tipo dopo il simbolo % per '{0}'",
    "worldedit.error.parser.clipboard.missing-coordinates": "L'offset degli appunti ha bisogno di coordinate x,y,z.",
    "worldedit.error.parser.player-only": "Input '{0}' richiede un giocatore!",
    "worldedit.error.disabled": "Questa funzionalità è disabilitata (vedi Configurazione WorldEdit).",
    "worldedit.error.unknown": "Si è verificato un errore sconosciuto: {0}",
    "worldedit.error.missing-extent": "Nessuna estensione è nota",
    "worldedit.error.missing-session": "Nessuna LocalSession è nota",
    "worldedit.error.missing-world": "Devi fornire un mondo (Prova //mondo)",
    "worldedit.error.missing-actor": "Nessuna estensione è nota",
    "worldedit.selection.convex.info.vertices": "Vertici: {0}",
    "worldedit.selection.convex.info.triangles": "Triangoli: {0}",
    "worldedit.selection.convex.explain.primary": "Iniziata la nuova selezione con il vertice {0}.",
    "worldedit.selection.convex.explain.secondary": "Aggiunto il vertice {0} alla selezione.",
    "worldedit.selection.cuboid.info.pos1": "Posizione {0}",
    "worldedit.selection.cuboid.info.pos2": "Posizione {0}",
    "worldedit.selection.cuboid.explain.primary": "Prima posizione impostata a {0}.",
    "worldedit.selection.cuboid.explain.primary-area": "Prima posizione impostata a {0} ({1}).",
    "worldedit.selection.cuboid.explain.secondary": "Seconda posizione impostata a {0}.",
    "worldedit.selection.cuboid.explain.secondary-area": "Seconda posizione impostata a {0} ({1}).",
    "worldedit.selection.extend.explain.primary": "Ha iniziato la selezione presso {0} ({1}).",
    "worldedit.selection.extend.explain.secondary": "Selezione estesa per includere {0} ({1}).",
    "worldedit.selection.ellipsoid.info.center": "Centro: {0}",
    "worldedit.selection.ellipsoid.info.radius": "X/Y/Z Raggio: {0}",
    "worldedit.selection.ellipsoid.explain.primary": "Posizione centrale impostata a {0}.",
    "worldedit.selection.ellipsoid.explain.primary-area": "Posizione centrale impostata a {0} ({1}).",
    "worldedit.selection.ellipsoid.explain.secondary": "Raggio impostato su {0}.",
    "worldedit.selection.ellipsoid.explain.secondary-area": "Raggio impostato a {0} ({1}).",
    "worldedit.selection.ellipsoid.error.even-horizontal": "I cambiamenti ellissoidi devono essere anche per ogni dimensione.",
    "worldedit.selection.cylinder.info.center": "Centro: {0}",
    "worldedit.selection.cylinder.info.radius": "Raggio: {0}",
    "worldedit.selection.cylinder.explain.primary": "Avvio di una nuova selezione cilindrica a {0}.",
    "worldedit.selection.cylinder.explain.secondary": "Raggio impostato a {0}/{1} blocchi. ({2})",
    "worldedit.selection.cylinder.explain.secondary-missing": "Devi selezionare il punto centrale prima di impostare il raggio.",
    "worldedit.selection.cylinder.error.even-horizontal": "I cambiamenti delle bombole devono essere anche per ogni dimensione orizzontale.",
    "worldedit.selection.polygon2d.info": "# punti: {0}",
    "worldedit.selection.polygon2d.explain.primary": "Avvio di un nuovo poligono a {0}.",
    "worldedit.selection.polygon2d.explain.secondary": "Aggiunto il punto #{0} a {1}.",
    "worldedit.selection.polygon2d.error.expand-only-vertical": "I poligoni possono essere ampliati solo verticalmente.",
    "worldedit.selection.polygon2d.error.contract-only-vertical": "I poligoni possono essere contrattati solo verticalmente.",
    "worldedit.selection.sphere.explain.secondary": "Raggio impostato su {0}.",
    "worldedit.selection.sphere.explain.secondary-defined": "Raggio impostato a {0} ({1}).",
    "worldedit.selection.null.error.immutable": "Impossibile cambiare NullRegion.",
    "worldedit.selection.intersection.error.cannot-expand": "Impossibile espandere un'intersezione regionale.",
    "worldedit.selection.intersection.error.cannot-contract": "Impossibile contrarre un'intersezione regionale.",
    "worldedit.selection.transform.error.cannot-expand": "Impossibile espandere una TransformedRegion.",
    "worldedit.selection.transform.error.cannot-contract": "Impossibile contrarre una TransformedRegion.",
    "worldedit.selection.transform.error.cannot-change": "Impossibile cambiare una TransformedRegion.",
    "worldedit.sideeffect.lighting": "Luci",
    "worldedit.sideeffect.lighting.description": "Aggiornamenti blocco illuminazione",
    "worldedit.sideeffect.neighbors": "Vicini",
    "worldedit.sideeffect.neighbors.description": "Notifica i blocchi di modifiche nelle vicinanze",
    "worldedit.sideeffect.update": "Aggiorna",
    "worldedit.sideeffect.update.description": "Notifica il blocco modificato",
    "worldedit.sideeffect.validation": "Convalida",
    "worldedit.sideeffect.validation.description": "Valida e corregge lo stato mondiale incoerente, come i blocchi disconnessi",
    "worldedit.sideeffect.entity_ai": "Entity AI",
    "worldedit.sideeffect.entity_ai.description": "Aggiorna i percorsi dell'IA dell'entità per le modifiche del blocco",
    "worldedit.sideeffect.events": "Eventi Mod/Plugin",
    "worldedit.sideeffect.events.description": "Dice altre mod/plugin di queste modifiche quando applicabile",
    "worldedit.sideeffect.state.on": "Acceso",
    "worldedit.sideeffect.state.delayed": "Ritardo",
    "worldedit.sideeffect.state.off": "Disattivo",
    "worldedit.sideeffect.box.current": "Attuale",
    "worldedit.sideeffect.box.change-to": "Fare clic per impostare a {0}",
    "worldedit.help.command-not-found": "La posizione {0} non è stata trovata.",
    "worldedit.help.no-subcommands": "'{0}' non ha sottocomandi. (Maybe '{1}' è per un parametro?)",
    "worldedit.help.subcommand-not-found": "Il sotto comando '{0}' sotto '{1}' non è stato trovato.",
    "worldedit.cli.stopping": "Interruzione!",
    "worldedit.cli.unknown-command": "Comando sconosciuto!"
}
