{
    "worldedit.expand.description.vert": "Expande verticalmente la selección hasta los límites del mundo.",
    "worldedit.expand.expanded": "La región ha sido expandida {0} bloques",
    "worldedit.expand.expanded.vert": "La región ha sido expandida {0} bloques (de arriba a abajo).",
    "worldedit.biomeinfo.position": "Biomas en tu posición: {0}",
    "worldedit.biomeinfo.selection": "Biomas en tu selección: {0}",
    "worldedit.brush.radius-too-large": "Radio máximo de pincel permitido: {0}",
    "worldedit.brush.apply.description": "Pincel de aplicación, para aplicar una función a cada bloque",
    "worldedit.brush.apply.radius": "El tamaño de la brocha",
    "worldedit.brush.apply.shape": "La forma de la región",
    "worldedit.brush.apply.type": "Tipo de brocha a usar",
    "worldedit.brush.paint.description": "Pincel de pintura, para aplicar una función a una superficie",
    "worldedit.brush.paint.size": "El tamaño de la brocha",
    "worldedit.brush.paint.shape": "La forma de la región",
    "worldedit.brush.paint.density": "La densidad de la brocha",
    "worldedit.brush.paint.type": "Tipo de brocha a usar",
    "worldedit.brush.operation.equip": "Establecer pincel a {0}.",
    "worldedit.setbiome.warning": "Puede ser que necesites volver a unirte al servidor (o volver a abrir el mundo) para ver cambios.",
    "worldedit.drawsel.disabled": "CUI de servidor deshabilitado.",
    "worldedit.drawsel.enabled": "CUI de servidor habilitado. Este solo soporta regiones cúbicas, con un tamaño máximo de 32x32x32.",
    "worldedit.drawsel.disabled.already": "El CUI de servidor ya está deshabilitado.",
    "worldedit.drawsel.enabled.already": "El CUI de servidor ya está habilitado.",
    "worldedit.limit.too-high": "Su límite máximo permitido es {0}.",
    "worldedit.limit.set": "Límite de bloques establecido a {0}.",
    "worldedit.limit.return-to-default": "(Usa //limit para volver al valor por defecto).",
    "worldedit.timeout.return-to-default": " (Usa //timeout para volver al valor por defecto).",
    "worldedit.fast.disabled": "Modo rápido deshabilitado.",
    "worldedit.fast.enabled": "Modo rápido habilitado. Puede ser que la iluminación en los chunks afectados sea errónea, y que necesites volver a unirte para ver cambios.",
    "worldedit.fast.disabled.already": "El modo rápido ya está deshabilitado.",
    "worldedit.fast.enabled.already": "El modo rápido ya está habilitado.",
    "worldedit.restore.none-found-console": "No se encontraron snapshots. Ve la consola para más detalles.",
    "worldedit.restore.block-place-error": "Último error: {0}",
    "worldedit.snapshot.use": "Snapshot establecida a: {0}",
    "worldedit.snapshot.none-before": "No se pudo encontrar una snapshot de antes de {0}.",
    "worldedit.snapshot.none-after": "No se pudo encontrar una snapshot después de {0}.",
    "worldedit.snapshot.index-above-0": "Índice inválido, debe ser mayor o igual a 1.",
    "worldedit.snapshot.index-oob": "Índice inválido, debe ser entre 1 y {0}.",
    "worldedit.schematic.unknown-format": "Formato de schematic desconocido: {0}.",
    "worldedit.schematic.load.does-not-exist": "¡La schematic {0} no existe!",
    "worldedit.schematic.load.loading": "(Espera, cargando la schematic...)",
    "worldedit.schematic.load.still-loading": "(Espera, todavía cargando la schematic...)",
    "worldedit.schematic.save.already-exists": "Esa schematic ya existe. Usa el parámetro -f para sobrescribirla.",
    "worldedit.schematic.save.failed-directory": "¡No se pudo crear la carpeta para las schematics!",
    "worldedit.schematic.save.saving": "(Espera, guardando la schematic...)",
    "worldedit.schematic.save.still-saving": "(Espera, todavía guardando la schematic...)",
    "worldedit.schematic.delete.does-not-exist": "¡La schematic {0} no existe!",
    "worldedit.schematic.delete.failed": "¡No se pudo eliminar {0}! ¿Acaso es de solo lectura?",
    "worldedit.schematic.delete.deleted": "{0} ha sido eliminada.",
    "worldedit.schematic.unsupported-minecraft-version": "Esta versión de WorldEdit no soporta tu versión de Minecraft. Las schematics no funcionarán hasta que se resolva este problema.",
    "worldedit.pos.already-set": "Posición ya establecida.",
    "worldedit.pos.console-require-coords": "Debes proporcionar coordenadas desde la consola.",
    "worldedit.hpos.no-block": "¡No hay bloque a la vista!",
    "worldedit.hpos.already-set": "Posición ya establecida.",
    "worldedit.chunk.selected-multiple": "Chunks seleccionados: ({0}, {1}, {2}) - ({3}, {4}, {5})",
    "worldedit.chunk.selected": "Chunk seleccionado: ({0}, {1}, {2})",
    "worldedit.wand.invalid": "El ítem de varita está mal configurado o deshabilitado.",
    "worldedit.wand.selwand.info": "Clic izquierdo: seleccionar posición #1; Clic derecho: seleccionar posición #2",
    "worldedit.wand.navwand.info": "Clic izquierdo: saltar a la ubicación; Clic derecho: atravesar paredes",
    "worldedit.size.size": "Tamaño: {0}",
    "worldedit.paste.pasted": "El portapapeles ha sido pegado en {0}",
    "worldedit.paste.selected": "Región seleccionada para pegar del portapapeles.",
    "worldedit.unstuck.moved": "¡Aquí tienes!",
    "worldedit.ceil.moved": "¡Woosh!",
    "worldedit.thru.moved": "¡Woosh!",
    "worldedit.jumpto.moved": "¡Puf!",
    "worldedit.up.moved": "¡Woosh!",
    "worldedit.generate.changed": "{0} columnas afectadas.",
    "worldedit.reload.config": "¡Configuración reiniciada!",
    "worldedit.report.written": "Informe de WorldEdit escrito a {0}",
    "worldedit.report.error": "No se puedo escribir el informe: {0}",
    "worldedit.report.callback": "Informe de WorldEdit: {0}.report",
    "worldedit.timezone.invalid": "Zona horaria inválida",
    "worldedit.timezone.set": "Zona horaria para esta sesión establecida a: {0}",
    "worldedit.timezone.current": "La hora actual en esa zona horaria es: {0}",
    "worldedit.version.version": "WorldEdit versión {0}",
    "worldedit.version.bukkit.unsupported-adapter": "Esta versión de WorldEdit no soporta tu versión de Bukkit. Los objetos como cofres estarán vacíos, las propiedades de los bloques como la rotación se perderá y otras cosas pueden no funcionar. Actualiza WorldEdit para arreglar estas funcionalidades: {0}",
    "worldedit.command.permissions": "No tienes permiso para hacer eso. ¿Estás en el modo correcto?",
    "worldedit.command.player-only": "Este comando debe ser utilizado por un jugador.",
    "worldedit.command.error.report": "Por favor reporta este error: [Ver consola]",
    "worldedit.pastebin.uploading": "(Por favor espere... enviando a pastebin...)",
    "worldedit.session.cant-find-session": "No se puede encontrar la sesión para {0}",
    "worldedit.tool.max-block-changes": "Límite máximo de bloques alcanzado.",
    "worldedit.tool.no-block": "¡No hay bloque a la vista!",
    "worldedit.tool.repl.switched": "Herramienta de reemplazar cambiada a: {0}",
    "worldedit.tool.deltree.not-tree": "Eso no es un árbol.",
    "worldedit.tool.deltree.not-floating": "Eso no es un árbol flotante.",
    "worldedit.tool.tree.equip": "Herramienta de árbol vinculada a {0}.",
    "worldedit.tool.tree.obstructed": "Un árbol no puede ir allí.",
    "worldedit.tool.info.equip": " Herramienta de información vinculada a {0}.",
    "worldedit.tool.info.blockstate.hover": "Estado del bloque",
    "worldedit.tool.info.internalid.hover": "ID interna",
    "worldedit.tool.none.equip": "Herramienta desvinculada de tu objeto actual.",
    "worldedit.tool.selwand.equip": "Varita de selección vinculada a {0}.",
    "worldedit.tool.navwand.equip": "Varita de navegación vinculada a {0}.",
    "worldedit.error.invalid-number.matches": "Número esperado; texto \"{0}\" dado.",
    "worldedit.error.incomplete-region": "Haz una selección de región primero.",
    "worldedit.error.unknown-block": "El bloque '{0}' es desconocido.",
    "worldedit.error.unknown-entity": "La entidad '{0}' es desconocida.",
    "worldedit.error.unknown-mob": "El mob '{0}' es desconocido.",
    "worldedit.error.unknown-biome": "El bioma '{0}' es desconocido.",
    "worldedit.error.no-file-selected": "Ningún archivo seleccionado.",
    "worldedit.error.world-unloaded": "El mundo ya está descargado.",
    "worldedit.error.not-a-block": "Este ítem no es un bloque.",
    "worldedit.error.not-a-block.item": "El ítem '{0}' no es un bloque.",
    "worldedit.error.incorrect-usage": "Uso: {0}",
    "worldedit.error.invalid-page": "Número de página inválido",
    "worldedit.error.parser.missing-equals-separator": "Falta el separador '='",
    "worldedit.error.parser.invalid-expression": "Expresión inválida: {0}",
    "worldedit.error.parser.negate-nothing": "¡No se puede negar la nada!",
    "worldedit.selection.cuboid.explain.secondary": "Segunda posición establecida a {0}.",
    "worldedit.selection.cuboid.explain.secondary-area": "Segunda posición establecida a {0} ({1}).",
    "worldedit.selection.extend.explain.primary": "Selección comenzada en {0} ({1}).",
    "worldedit.selection.extend.explain.secondary": "Selección extendida para incluir {0} ({1}).",
    "worldedit.selection.ellipsoid.info.center": "Centro: {0}",
    "worldedit.selection.cylinder.info.center": "Centro: {0}",
    "worldedit.selection.cylinder.info.radius": "Radio: {0}",
    "worldedit.selection.cylinder.explain.primary": "Iniciando una nueva selección cilíndrica en {0}.",
    "worldedit.selection.cylinder.explain.secondary": "Radio establecido a {0}/{1} bloques. ({2})",
    "worldedit.selection.polygon2d.info": "Número de puntos: {0}",
    "worldedit.selection.polygon2d.explain.primary": "Iniciando un nuevo polígono en {0}.",
    "worldedit.selection.polygon2d.explain.secondary": "Añadido punto número #{0} en {1}.",
    "worldedit.selection.polygon2d.error.expand-only-vertical": "Los polígonos sólo se pueden expandir verticalmente.",
    "worldedit.selection.polygon2d.error.contract-only-vertical": "Los polígonos sólo se pueden encoger verticalmente.",
    "worldedit.selection.sphere.explain.secondary": "Radio establecido a {0}.",
    "worldedit.selection.sphere.explain.secondary-defined": "Radio establecido a {0} ({1}).",
    "worldedit.sideeffect.lighting": "Iluminación",
    "worldedit.sideeffect.update": "Actualización",
    "worldedit.sideeffect.entity_ai": "IA de entidades",
    "worldedit.sideeffect.events.description": "Indica a otros mods/plugins sobre estos cambios cuando sea aplicable",
    "worldedit.sideeffect.state.on": "Activado",
    "worldedit.sideeffect.state.off": "Desactivado",
    "worldedit.sideeffect.box.current": "Actual"
}
