{
    "worldedit.expand.description.vert": "将选取区域垂直拉展至世界限制。",
    "worldedit.expand.expanded": "区域已延伸 {0} 个方块",
    "worldedit.expand.expanded.vert": "区域已延伸 {0} 个方块(由上而下)。",
    "worldedit.biomeinfo.lineofsight": "视线停留处的生态系: {0}",
    "worldedit.biomeinfo.position": "您位置的生态系: {0}",
    "worldedit.biomeinfo.selection": "您选取区域的生态系: {0}",
    "worldedit.brush.radius-too-large": "最大允许笔刷半径: {0}",
    "worldedit.brush.apply.description": "将笔刷及函数套用至每个方块",
    "worldedit.brush.apply.radius": "笔刷大小",
    "worldedit.brush.apply.shape": "区域外型",
    "worldedit.brush.apply.type": "欲使用笔刷类型",
    "worldedit.brush.apply.item.warning": "这个笔刷会模拟物件的使用方式。可能无法在所有平台起效果，也可能会无法复原变更，且可能会与其他模块 / 外挂程序产生怪异互动。使用所产生的问题怒不负责。",
    "worldedit.brush.paint.description": "绘图笔刷，对表面套用函数",
    "worldedit.brush.paint.size": "笔刷大小",
    "worldedit.brush.paint.shape": "区域外型",
    "worldedit.brush.paint.density": "笔刷密度",
    "worldedit.brush.paint.type": "欲使用笔刷类型",
    "worldedit.brush.paint.item.warning": "这个笔刷会模拟物件的使用方式。可能无法在所有平台起效果，也可能会无法复原变更，且可能会与其他模块 / 外挂程序产生怪异互动。使用所产生的问题怒不负责。",
    "worldedit.brush.sphere.equip": "已装载球型笔刷（{0}）。",
    "worldedit.brush.cylinder.equip": "已装载柱型笔刷（{0}，被 {1}）。",
    "worldedit.brush.clipboard.equip": "已装备剪贴簿笔刷样式。",
    "worldedit.brush.smooth.equip": "已装备平滑笔刷样式 ({0} x {1}倍 使用 {2})。",
    "worldedit.brush.extinguish.equip": "已装备灭火器 ({0})。",
    "worldedit.brush.gravity.equip": "重力笔刷已装备 ({0})。",
    "worldedit.brush.butcher.equip": "屠杀笔刷已装备 ({0})。",
    "worldedit.brush.operation.equip": "将笔刷设成 {0}。",
    "worldedit.drawsel.disabled": "已停用服务器 CUI。",
    "worldedit.drawsel.enabled": "已启用服务器 CUI。这只支援最大大小为 32x32x32 的长方体区域。",
    "worldedit.drawsel.disabled.already": "已经停用服务器 CUI。",
    "worldedit.drawsel.enabled.already": "已经启用服务器 CUI。",
    "worldedit.limit.too-high": "您最大的允许限制为 {0}。",
    "worldedit.limit.set": "方块变更限制已设定成 {0}。",
    "worldedit.timeout.too-high": "您最大的允许逾时为 {0} 毫秒。",
    "worldedit.timeout.return-to-default": "（使用 //timeout 以复原至预设值。）",
    "worldedit.fast.disabled": "已停用快速模式。",
    "worldedit.fast.enabled": "已启用快速模式。受影响区块的光源可能会有错误（或者是看不到变更），可能需要重新加入。",
    "worldedit.fast.disabled.already": "已停用快速模式。",
    "worldedit.fast.enabled.already": "已启用快速模式。",
    "worldedit.reorder.current": "重新排序模式为 {0}",
    "worldedit.reorder.set": "目前的重新排序模式为 {0}",
    "worldedit.gmask.disabled": "已停用全域屏蔽。",
    "worldedit.gmask.set": "已设定全域屏蔽。",
    "worldedit.toggleplace.pos1": "现在，请摆在位置 #1。",
    "worldedit.toggleplace.player": "现在，请摆在您站着的方块。",
    "worldedit.searchitem.too-short": "请输入长一点的搜寻字符串 (字符串长度 > 2)。",
    "worldedit.undo.undone": "已复原 {0} 个可复原编辑。",
    "worldedit.undo.none": "没有东西需要复原。",
    "worldedit.redo.none": "没有东西需要重作。",
    "worldedit.clearhistory.cleared": "已清除历史记录。",
    "worldedit.raytrace.noblock": "眼前没有方块！",
    "worldedit.restore.not-configured": "未设定快照 / 备份复原。",
    "worldedit.restore.not-available": "该快照不存在或无法使用。",
    "worldedit.restore.failed": "无法载入快照：{0}",
    "worldedit.restore.loaded": "已载入「{0}」快照；正在复原…",
    "worldedit.restore.restored": "已复原；共有 {0} 个遗失区块，及 {1} 个其他错误。",
    "worldedit.restore.none-for-world": "此世界尚无快照。",
    "worldedit.restore.none-found": "未找到任何快照。",
    "worldedit.restore.none-found-console": "未找到任何快照。请检视终端机以取得更多信息。",
    "worldedit.restore.chunk-not-present": "区块不存在快照中。",
    "worldedit.restore.chunk-load-failed": "没有可载入的区块。（封存档损坏？）",
    "worldedit.restore.block-place-failed": "因发生错误而导致无法复原方块。",
    "worldedit.restore.block-place-error": "上个错误：{0}",
    "worldedit.snapshot.use.newest": "现正使用最新快照。",
    "worldedit.schematic.load.loading": "(请等待... 正在加载 schematic.)",
    "worldedit.schematic.save.failed-directory": "无法创建 schematics 文件夹!",
    "worldedit.schematic.save.saving": "(请等待... 正在保存 schematic.)",
    "worldedit.schematic.delete.deleted": "{0} 已经被删除。",
    "worldedit.hpos.no-block": "前方无方块！",
    "worldedit.chunk.selected-multiple": "已选择区块: ({0}, {1}, {2}) - ({3}, {4}, {5})",
    "worldedit.shift.shifted": "区域已位移。",
    "worldedit.size.offset": "位移：{0}",
    "worldedit.size.type": "类型：{0}",
    "worldedit.size.size": "大小：{0}",
    "worldedit.select.cuboid.description": "选择长方体的两个角",
    "worldedit.select.extend.message": "长方体：左键选择开始顶点，右键右键扩大范围",
    "worldedit.select.extend.description": "长方体快速选取模式",
    "worldedit.select.poly.message": "平面多边形选择器：左/右键新增顶点。",
    "worldedit.select.poly.limit-message": "最多 {0} 个点。",
    "worldedit.select.poly.description": "选择一个平面多边形与高度",
    "worldedit.select.ellipsoid.message": "椭圆球体选择器：左键=中心，右键扩大范围",
    "worldedit.select.ellipsoid.description": "选择一个椭圆球体",
    "worldedit.select.sphere.message": "球体选择器：左键=中心，右键设定半径",
    "worldedit.select.sphere.description": "选择一个球体",
    "worldedit.select.cyl.message": "圆柱体选择器：左键=中心，右键扩大范围",
    "worldedit.select.cyl.description": "选择一个圆柱体",
    "worldedit.select.convex.message": "凸多面体选择器：左键=第一个顶点，右键新增更多。",
    "worldedit.select.convex.limit-message": "最多 {0} 个点。",
    "worldedit.select.convex.description": "选择一个凸多面体",
    "worldedit.select.default-set": "您的预设区域选择器现在为 {0}。",
    "worldedit.chunkinfo.chunk": "区块: {0}，{1}",
    "worldedit.chunkinfo.old-filename": "旧格式: {0}",
    "worldedit.chunkinfo.mcregion-filename": "McRegion: 区域/{0}",
    "worldedit.listchunks.listfor": "Listing chunks for: {0}",
    "worldedit.drain.drained": "{0} blocks have been drained.",
    "worldedit.fill.created": "{0} blocks have been filled.",
    "worldedit.fillr.created": "{0} blocks have been filled.",
    "worldedit.fixlava.fixed": "{0} blocks have been fixed.",
    "worldedit.fixwater.fixed": "{0} blocks have been fixed.",
    "worldedit.removeabove.removed": "{0} blocks have been removed.",
    "worldedit.removebelow.removed": "{0} blocks have been removed.",
    "worldedit.removenear.removed": "已经移除 {0} 个方块。",
    "worldedit.replacenear.replaced": "已经取代 {0} 个方块。",
    "worldedit.snow.created": "已经覆盖 {0} 个表面。",
    "worldedit.thaw.removed": "已经解除 {0} 个方块的冻结状态。",
    "worldedit.green.changed": "已经绿化 {0} 个方块。",
    "worldedit.extinguish.removed": "已经熄灭 {0} 个火焰。",
    "worldedit.butcher.killed": "已经杀死 {1} 半径内的 {0} 个生物。",
    "worldedit.butcher.explain-all": "使用 -1 以移除载入区块中的所有生物",
    "worldedit.remove.removed": "已标记 {0} 个待移除的实体。",
    "worldedit.remove.explain-all": "使用 -1 以移除载入区块中的所有物件",
    "worldedit.calc.invalid": "无法解析「{0}」成有效的表示式。",
    "worldedit.paste.pasted": "剪贴簿已贴到 {0}",
    "worldedit.rotate.rotated": "已旋转剪贴簿复本。",
    "worldedit.flip.flipped": "已翻转剪贴簿复本。",
    "worldedit.clearclipboard.cleared": "已清除剪贴簿。",
    "worldedit.set.done": "操作完成。",
    "worldedit.set.done.verbose": "操作完成 ({0})。",
    "worldedit.line.changed": "已经修改 {0} 个方块。",
    "worldedit.curve.changed": "已经修改 {0} 个方块。",
    "worldedit.replace.replaced": "已经取代 {0} 个方块。",
    "worldedit.stack.changed": "已经修改 {0} 个方块。使用 //undo 来复原",
    "worldedit.regen.regenerated": "区域已重新产生。",
    "worldedit.walls.changed": "已经修改 {0} 个方块。",
    "worldedit.faces.changed": "已经修改 {0} 个方块。",
    "worldedit.overlay.overlaid": "已经覆盖 {0} 个方块。",
    "worldedit.center.changed": "中心已设定。(已经修改 {0} 个方块)",
    "worldedit.smooth.changed": "地形的高低差已平滑化。已经修改 {0} 个方块。",
    "worldedit.move.moved": "已经移动 {0} 个方块。",
    "worldedit.hollow.changed": "已经修改 {0} 个方块。",
    "worldedit.forest.created": "已经建立 {0} 棵树。",
    "worldedit.flora.created": "已经建立 {0} 群植物。",
    "worldedit.unstuck.moved": "好了！",
    "worldedit.ascend.moved": "已上升 {0} 阶。",
    "worldedit.descend.moved": "已下降 {0} 阶。",
    "worldedit.ceil.moved": "呼！",
    "worldedit.thru.moved": "呼！",
    "worldedit.jumpto.moved": "噗！",
    "worldedit.up.obstructed": "You would hit something above you.",
    "worldedit.up.moved": "Woosh!",
    "worldedit.cyl.invalid-radius": "You must either specify 1 or 2 radius values.",
    "worldedit.cyl.created": "{0} blocks have been created.",
    "worldedit.sphere.invalid-radius": "You must either specify 1 or 3 radius values.",
    "worldedit.sphere.created": "{0} blocks have been created.",
    "worldedit.forestgen.created": "{0} trees created.",
    "worldedit.pumpkins.created": "{0} pumpkin patches created.",
    "worldedit.pyramid.created": "{0} blocks have been created.",
    "worldedit.generate.created": "{0} blocks have been created.",
    "worldedit.generate.changed": "{0} columns affected.",
    "worldedit.reload.config": "Configuration reloaded!",
    "worldedit.report.written": "WorldEdit 报告已写入 {0}",
    "worldedit.report.error": "无法写入报告：{0}",
    "worldedit.report.callback": "WorldEdit 报告：{0}.report",
    "worldedit.timezone.invalid": "时区错误",
    "worldedit.timezone.set": "已将此阶段的时区设成：{0}",
    "worldedit.timezone.current": "目前该时区的时间是：{0}",
    "worldedit.version.version": "WorldEdit 版本 {0}",
    "worldedit.version.bukkit.unsupported-adapter": "当前WorldEdit版本不能完全支持您的Bukkit版本。实体方块(例如箱子)中将不会有物品，方块属性(例如朝向)将会遗失，以及很多其他特性可能均已经失效。请更新WorldEdit以恢复这些功能：\n{0}",
    "worldedit.command.time-elapsed": "已经过 {0} 秒 (历史记录：已变更 {1} 个；每秒 {2} 个方块)。",
    "worldedit.command.player-only": "此指令必须由玩家使用。",
    "worldedit.command.error.report": "请回报此错误：[看控制台的输出]",
    "worldedit.pastebin.uploading": "(请稍候... 正在将输出传送至 pastebin...)",
    "worldedit.session.cant-find-session": "无法找到 {0} 的工作阶段",
    "worldedit.tool.max-block-changes": "已碰到最大方块变更上限。",
    "worldedit.tool.no-block": "眼前没有方块！",
    "worldedit.tool.repl.switched": "取代工具已切换至：{0}",
    "worldedit.tool.data-cycler.new-value": "{0} 的值现为 {1}。",
    "worldedit.tool.data-cycler.cycling": "现正循环 {0}。",
    "worldedit.tool.deltree.equip": "漂浮树移除工具已绑定至 {0} 。",
    "worldedit.tool.deltree.not-tree": "这不是棵树。",
    "worldedit.tool.deltree.not-floating": "这棵树并未漂浮在空中。",
    "worldedit.tool.tree.equip": "树木工具已绑定至 {0}。",
    "worldedit.tool.tree.obstructed": "树不能在那里。",
    "worldedit.tool.info.equip": "信息工具已绑定至 {0}。",
    "worldedit.tool.info.blockstate.hover": "方块状态",
    "worldedit.tool.info.internalid.hover": "内部 ID",
    "worldedit.tool.selwand.equip": "选取魔法棒工具已系结至 {0}。",
    "worldedit.tool.superpickaxe.disabled": "已停用超级斧头。",
    "worldedit.tool.material.set": "已设定笔刷材料。",
    "worldedit.tool.range.set": "已设定笔刷范围。",
    "worldedit.tool.size.set": "已设定笔刷大小。",
    "worldedit.script.file-not-found": "脚本不存在：{0}",
    "worldedit.script.failed": "执行失败：{0}",
    "worldedit.operation.affected.biome": "影响了 {0} 个生态域。",
    "worldedit.operation.affected.block": "影响了 {0} 个方块",
    "worldedit.operation.affected.column": "影响了 {0} 栏",
    "worldedit.operation.affected.entity": "影响了 {0} 个实体",
    "worldedit.operation.deform.expression": "已使用 {0} 变形",
    "worldedit.selection.cuboid.info.pos1": "第一点：{0}",
    "worldedit.selection.cuboid.info.pos2": "第二点：{0}",
    "worldedit.selection.cuboid.explain.primary": "第一点已设为 {0}。",
    "worldedit.selection.cuboid.explain.primary-area": "第一点已设为 {0} ({1})。",
    "worldedit.selection.cuboid.explain.secondary": "第二点已设为 {0}。",
    "worldedit.selection.cuboid.explain.secondary-area": "第二点已设为 {0} ({1})。",
    "worldedit.selection.extend.explain.primary": "已从 {0} 开始选取 ({1})。",
    "worldedit.selection.ellipsoid.info.center": "中心：{0}",
    "worldedit.selection.ellipsoid.info.radius": "X/Y/Z 半径：{0}",
    "worldedit.selection.ellipsoid.explain.primary": "中心点已设为 {0}。",
    "worldedit.selection.ellipsoid.explain.primary-area": "中心点已设为 {0} ({1})。",
    "worldedit.selection.ellipsoid.explain.secondary": "半径已设为 {0}。",
    "worldedit.selection.ellipsoid.explain.secondary-area": "半径已设为 {0} ({1})。",
    "worldedit.selection.cylinder.info.center": "中心：{0}",
    "worldedit.selection.cylinder.info.radius": "半径：{0}",
    "worldedit.selection.sphere.explain.secondary": "半径已设为 {0}。",
    "worldedit.selection.sphere.explain.secondary-defined": "半径已设为 {0} ({1})。",
    "worldedit.sideeffect.lighting.description": "正在更新方块光照",
    "worldedit.sideeffect.entity_ai": "实体 AI",
    "worldedit.sideeffect.events": "Mod或插件事件",
    "worldedit.sideeffect.state.on": "开启",
    "worldedit.sideeffect.state.off": "关闭",
    "worldedit.help.command-not-found": "指令'{0}'无法被找到",
    "worldedit.help.no-subcommands": "'{0}'没有子命令。(也许'{1}'代表一个参数？)",
    "worldedit.help.subcommand-not-found": "'{1}'下所属的子命令'{0}'无法被找到",
    "worldedit.cli.stopping": "正在停止！",
    "worldedit.cli.unknown-command": "未知的指令！"
}
