{
    "worldedit.undo.none": "Midagi ei ole tagasi võtta.",
    "worldedit.wand.selwand.info": "Vasak klikk: valige pos #1; Parem klikk: valige pos #2",
    "worldedit.fill.created": "Täidetud on {0} plokki.",
    "worldedit.fillr.created": "Täidetud on {0} plokki.",
    "worldedit.set.done": "Operatsioon lõpetatud.",
    "worldedit.set.done.verbose": "Operatsioon lõpetatud ({0}).",
    "worldedit.forest.created": "Loodud {0} puud.",
    "worldedit.cyl.created": "Loodud on {0} plokki.",
    "worldedit.sphere.created": "Loodud on {0} plokki.",
    "worldedit.forestgen.created": "Loodud {0} puud.",
    "worldedit.pyramid.created": "Loodud on {0} plokki.",
    "worldedit.generate.created": "Loodud on {0} plokki.",
    "worldedit.version.version": "WorldEdit versioon {0}",
    "worldedit.tool.deltree.not-tree": "See ei ole puu.",
    "worldedit.tool.deltree.not-floating": "See puu ei ole õhus.",
    "worldedit.tool.tree.obstructed": "Puu ei käi sinna.",
    "worldedit.selection.cuboid.explain.primary": "Esimese positsioon on määratud {0}.",
    "worldedit.selection.cuboid.explain.primary-area": "Esimene positsioon on määratud {0} ({1}).",
    "worldedit.selection.cuboid.explain.secondary": "Teine positsioon on määratud {0}.",
    "worldedit.selection.cuboid.explain.secondary-area": "Teine positsioon on määratud {0} ({1}).",
    "worldedit.selection.ellipsoid.info.center": "Keskus: {0}",
    "worldedit.selection.cylinder.info.center": "Keskus: {0}",
    "worldedit.cli.unknown-command": "Tundmatu käsklus!"
}
