{
    "worldedit.expand.description.vert": "Сонгосон мужийг босоо тэнхлэгийн дагуу дэлхийн хязгаар хүртэл сунгах.",
    "worldedit.expand.expanded": "Муж {0} блокоор сунгагдлаа",
    "worldedit.expand.expanded.vert": "Бүсийг {0} блок тэллээ (дээрээс доош).",
    "worldedit.biomeinfo.lineofsight": "Харж байгаа цэгийн байгалийн бүс: {0}",
    "worldedit.biomeinfo.position": "Таны байгаа газрын байгалийн бүс: {0}",
    "worldedit.biomeinfo.selection": "Таны сонгосон хэсгийн байгалийн бүс: {0}",
    "worldedit.brush.apply.radius": "Багсны хэмжээ",
    "worldedit.brush.apply.shape": "Бүсийн хэлбэр",
    "worldedit.brush.apply.type": "Ашиглах багсны төрөл",
    "worldedit.brush.paint.size": "Багсны хэмжээ",
    "worldedit.brush.paint.shape": "Бүсийн хэлбэр",
    "worldedit.brush.paint.density": "Багсны нягтшил",
    "worldedit.brush.paint.type": "Ашиглах багсны төрөл",
    "worldedit.brush.operation.equip": "Багсыг {0} болгосон.",
    "worldedit.brush.none.equip": "Одоогийн эд зүйлээс багсыг салгалаа.",
    "worldedit.fast.disabled": "Хурдан горим унтарлаа.",
    "worldedit.fast.enabled": "Хурдан горим аслаа. Өөрчлөлт хийсэн хэсгүүдийн гэрэлтүүлэг буруу байж магадгүй. Тиймээс та гараад, орж ирэх хэрэгтэй.",
    "worldedit.fast.disabled.already": "Хурдан горим аль хэдийн унтарсан.",
    "worldedit.fast.enabled.already": "Хурдан горим аль хэдийн ассан.",
    "worldedit.clearhistory.cleared": "Түүхийг арилгасан.",
    "worldedit.restore.block-place-error": "Сүүлийн алдаа: {0}",
    "worldedit.schematic.delete.does-not-exist": "Schematic {0} байхгүй байна!",
    "worldedit.schematic.delete.deleted": "{0} устсан.",
    "worldedit.hpos.no-block": "Харагдах блок байхгүй байна!",
    "worldedit.hpos.already-set": "Байрлалыг аль хэдийн тохируулсан.",
    "worldedit.shift.shifted": "Бүсийг хөдөлгөсөн.",
    "worldedit.size.type": "Төрөл: {0}",
    "worldedit.size.size": "Хэмжээ: {0}",
    "worldedit.count.counted": "Тоолсон: {0}",
    "worldedit.distr.no-blocks": "Нэг ч блок тоолоогүй.",
    "worldedit.select.sphere.description": "Бөмбөрцөг сонгосон",
    "worldedit.select.cyl.message": "Цилиндр сонгогч: Зүүн дарах=төв, баруун дарж өргөтгөх",
    "worldedit.select.cyl.description": "Цилиндр сонгох"
}
