{
    "worldedit.expand.description.vert": "توسيع الاختيار عمودياً إلى حدود العالم.",
    "worldedit.expand.expanded": "توسيع المنطقة {0} بلوكات",
    "worldedit.expand.expanded.vert": "المنطقة موسعة {0} بلوكات (من الأعلى إلى الأسفل).",
    "worldedit.biomeinfo.lineofsight": "المناطق الحيوية عند خط نقطة النظر: {0}",
    "worldedit.biomeinfo.position": "المناطق الحيوية في موقعك: {0}",
    "worldedit.biomeinfo.selection": "المناطق الحيوية في إختيارك: {0}",
    "worldedit.brush.radius-too-large": "الحد الأقصى المسموح به للفرشاة: {0}",
    "worldedit.brush.apply.description": "تطبيق الفرشاة، تطبيق دالة على كل بلوكة",
    "worldedit.brush.apply.radius": "حجم الفرشاة",
    "worldedit.brush.apply.shape": "شكل المنطقة",
    "worldedit.brush.apply.type": "نوع الفرشاة المراد استخدامها",
    "worldedit.brush.apply.item.warning": "هذه الفرشاة تحاكي استخدامات العنصر. قد لا تعمل تأثيراته على جميع المنصات، قد لا تكون غير قابلة للتطبيق، وقد تسبب تفاعلات غريبة مع المودات/البلوقنات الأخرى. استخدمها على مسؤوليتك الخاصة.",
    "worldedit.brush.paint.description": "فرشاة الطلاء ، تطبيق دالة على السطح",
    "worldedit.brush.paint.size": "حجم الفرشاة",
    "worldedit.brush.paint.shape": "شكل المنطقة",
    "worldedit.brush.paint.density": "كثافة الفرشاة",
    "worldedit.brush.paint.type": "نوع الفرشاة المراد استخدامها",
    "worldedit.brush.paint.item.warning": "هذه الفرشاة تحاكي استخدامات العنصر. قد لا تعمل تأثيراته على جميع المنصات، قد لا تكون غير قابلة للتطبيق، وقد تسبب تفاعلات غريبة مع المودات/البلوقنات الأخرى. استخدمها على مسؤوليتك الخاصة.",
    "worldedit.brush.sphere.equip": "شكل فرشاة الكرة مجهز ({0}).",
    "worldedit.brush.cylinder.equip": "شكل فرشاة الأسطورة مجهز ({0} بواسطة {1}).",
    "worldedit.brush.clipboard.equip": "شكل فرشاة الحافظة مجهز.",
    "worldedit.brush.smooth.equip": "فرشاة سلسة مجهزة ({0} x {1}x باستخدام {2}).",
    "worldedit.brush.extinguish.equip": "مدمر مجهز ({0}).",
    "worldedit.brush.gravity.equip": "فرشاة الجاذبية مجهزة ({0}).",
    "worldedit.brush.butcher.equip": "فرشاة الجزار مجهزة ({0}).",
    "worldedit.brush.operation.equip": "تعيين الفرشاة إلى {0}.",
    "worldedit.brush.none.equip": "فرشاة بدون ربط من العنصر الحالي الخاص بك.",
    "worldedit.drawsel.disabled": "تم تعطيل CUI الخادم.",
    "worldedit.drawsel.enabled": "تم تمكين CUI الخادم. هذا يدعم فقط بعض المناطق، مع حد أقصى لحجم 32x32x32.",
    "worldedit.drawsel.disabled.already": "خادم CUI معطل بالفعل.",
    "worldedit.drawsel.enabled.already": "خادم CUI مفعل بالفعل.",
    "worldedit.limit.too-high": "الحد الأقصى المسموح به لك هو {0}.",
    "worldedit.limit.set": "تم تعيين حد تغيير الكتلة إلى {0}.",
    "worldedit.limit.return-to-default": "(استخدم //محدود للعودة إلى الوضع الافتراضي.)",
    "worldedit.timeout.too-high": "الحد الأقصى المسموح به لديك هو {0}مللي ثانية.",
    "worldedit.timeout.return-to-default": " (استخدم /انتهاء الوقت للعودة إلى الوضع الافتراضي.)",
    "worldedit.fast.disabled": "الوضع السريع معطل.",
    "worldedit.fast.enabled": "الوضع السريع مفعل. الإضاءة في القطع المتأثرة قد تكون خاطئة و/أو قد تحتاج إلى العودة إلى الانضمام لرؤية التغييرات.",
    "worldedit.fast.disabled.already": "الوضع السريع معطل بالفعل.",
    "worldedit.fast.enabled.already": "الوضع السريع مفعل بالفعل.",
    "worldedit.reorder.current": "وضع إعادة الطلب هو {0}",
    "worldedit.reorder.set": "وضع إعادة الطلب الآن {0}",
    "worldedit.gmask.disabled": "القناع العالمي معطل.",
    "worldedit.gmask.set": "وضع قناع عالمي."
}
