{
    "worldedit.expand.description.vert": "˙sʇᴉɯᴉl plɹoʍ oʇ uoᴉʇɔǝlǝs ǝɥʇ puɐdxǝ ʎllɐɔᴉʇɹǝΛ",
    "worldedit.expand.expanded": "sʞɔoןq {0} pǝpuɐdxǝ uoıƃǝᴚ",
    "worldedit.expand.expanded.vert": "˙(top-to-bottom) sʞɔoןq {0} pǝpuɐdxǝ uoıƃǝᴚ",
    "worldedit.biomeinfo.lineofsight": "{0} :ʇuıod ʇɥƃıs ɟo ǝuıן ʇɐ sǝɯoı𐐒",
    "worldedit.biomeinfo.position": "{0} :uoıʇısod ɹnoʎ ʇɐ sǝɯoı𐐒",
    "worldedit.biomeinfo.selection": "{0} :uoıʇɔǝןǝs ɹnoʎ uı sǝɯoı𐐒",
    "worldedit.brush.radius-too-large": "{0} :snᴉpɐɹ ɥsnɹq pǝʍollɐ ɯnɯᴉxɐW",
    "worldedit.brush.apply.description": "ʞɔoןq ʎɹǝʌǝ oʇ uoıʇɔunɟ ɐ ʎןddɐ 'ɥsnɹq ʎןdd∀",
    "worldedit.brush.apply.radius": "ɥsnɹq ǝɥʇ ɟo ǝzıs ǝɥ⊥",
    "worldedit.brush.apply.shape": "uoıƃǝɹ ǝɥʇ ɟo ǝdɐɥs ǝɥ⊥",
    "worldedit.brush.apply.type": "ǝsn oʇ ɥsnɹq ɟo ǝdʎ⊥",
    "worldedit.brush.apply.item.warning": "˙ʞsᴉɹ uʍo ɹnoʎ ʇɐ ǝs∩ ˙suᴉƃnld/spoɯ ɹǝɥʇo ɥʇᴉʍ suoᴉʇɔɐɹǝʇuᴉ ǝƃuɐɹʇs ǝsnɐɔ ʎɐɯ puɐ 'ǝlqɐ-opun ǝq ʇou ʎɐɯ 'sɯɹoɟʇɐld llɐ uo ʞɹoʍ ʇou ʎɐɯ sʇɔǝɟɟǝ sʇI ˙sǝƃɐsn ɯǝʇᴉ sǝʇɐlnɯᴉs ɥsnɹq sᴉɥ┴",
    "worldedit.brush.paint.description": "ǝɔɐɟɹns ɐ oʇ uoᴉʇɔunɟ ɐ ʎlddɐ 'ɥsnɹq ʇuᴉɐԀ",
    "worldedit.brush.paint.size": "ɥsnɹq ǝɥʇ ɟo ǝzᴉs ǝɥ┴",
    "worldedit.brush.paint.shape": "uoᴉƃǝɹ ǝɥʇ ɟo ǝdɐɥs ǝɥ┴",
    "worldedit.brush.paint.density": "ɥsnɹq ǝɥʇ ɟo ʎʇᴉsuǝp ǝɥ┴",
    "worldedit.brush.paint.type": "ǝsn oʇ ɥsnɹq ɟo ǝdʎ┴",
    "worldedit.brush.paint.item.warning": "˙ʞsᴉɹ uʍo ɹnoʎ ʇɐ ǝs∩ ˙suᴉƃnld/spoɯ ɹǝɥʇo ɥʇᴉʍ suoᴉʇɔɐɹǝʇuᴉ ǝƃuɐɹʇs ǝsnɐɔ ʎɐɯ puɐ 'ǝlqɐ-opun ǝq ʇou ʎɐɯ 'sɯɹoɟʇɐld llɐ uo ʞɹoʍ ʇou ʎɐɯ sʇɔǝɟɟǝ sʇI ˙sǝƃɐsn ɯǝʇᴉ sǝʇɐlnɯᴉs ɥsnɹq sᴉɥ┴",
    "worldedit.brush.sphere.equip": "˙({0}) pǝddᴉnbǝ ǝdɐɥs ɥsnɹq ǝɹǝɥdS",
    "worldedit.brush.cylinder.equip": "˙({1} ʎq {0}) pǝddᴉnbǝ ǝdɐɥs ɥsnɹq ɹǝpuᴉlʎƆ",
    "worldedit.brush.clipboard.equip": "˙pǝddᴉnbǝ ǝdɐɥs ɥsnɹq pɹɐoqdᴉlƆ",
    "worldedit.brush.smooth.equip": "˙({2} ƃuᴉsn x{1} x {0}) pǝddᴉnbǝ ɥsnɹq ɥʇooɯS",
    "worldedit.brush.extinguish.equip": "˙({0}) pǝddᴉnbǝ ɹǝɥsᴉnƃuᴉʇxƎ",
    "worldedit.brush.gravity.equip": "˙({0}) pǝddᴉnbǝ ɥsnɹq ʎʇᴉʌɐɹפ",
    "worldedit.brush.butcher.equip": "˙({0}) pǝddᴉnbǝ ɥsnɹq ɹǝɥɔʇnq",
    "worldedit.brush.operation.equip": "˙{0} oʇ ɥsnɹq ʇǝS",
    "worldedit.brush.none.equip": "˙ɯǝʇᴉ ʇuǝɹɹnɔ ɹnoʎ ɯoɹɟ punoqun loo┴",
    "worldedit.drawsel.disabled": "˙pǝןqɐsıp I∩Ɔ ɹǝʌɹǝS",
    "worldedit.drawsel.enabled": "˙ⵒƐxⵒƐxⵒƐ ɟo ǝzıs ɯnɯıxɐɯ ɐ ɥʇıʍ 'suoıƃǝɹ pıoqnɔ sʇɹoddns ʎןuo sıɥ⊥ ˙pǝןqɐuǝ I∩Ɔ ɹǝʌɹǝS",
    "worldedit.drawsel.disabled.already": "˙pǝןqɐsıp ʎpɐǝɹןɐ I∩Ɔ ɹǝʌɹǝS",
    "worldedit.drawsel.enabled.already": "˙pǝןqɐuǝ ʎpɐǝɹןɐ I∩Ɔ ɹǝʌɹǝS",
    "worldedit.limit.too-high": "˙{0} sı ʇıɯıן ǝןqɐʍoןןɐ ɯnɯıxɐɯ ɹno⅄",
    "worldedit.limit.set": "˙{0} oʇ ʇǝs ʇıɯıן ǝƃuɐɥɔ ʞɔoן𐐒",
    "worldedit.limit.return-to-default": " (˙ʇןnɐɟǝp ǝɥʇ oʇ ʞɔɐq oƃ oʇ ʇıɯıן// ǝs∩)",
    "worldedit.timeout.too-high": "˙sɯ{0} sı ʇnoǝɯıʇ ǝןqɐʍoןןɐ ɯnɯıxɐɯ ɹno⅄",
    "worldedit.timeout.set": "˙sɯ {0} oʇ ʇǝs ǝɯıʇ ʇnoǝɯı⊥",
    "worldedit.timeout.return-to-default": " (˙ʇןnɐɟǝp ǝɥʇ oʇ ʞɔɐq oƃ oʇ ʇnoǝɯıʇ\\\\ ǝs∩)",
    "worldedit.fast.disabled": "˙pǝןqɐsıp ǝpoɯ ʇsɐℲ",
    "worldedit.fast.enabled": "˙sǝƃuɐɥɔ ǝǝs oʇ uıoɾǝɹ oʇ pǝǝu ʎɐɯ noʎ ɹo\\puɐ ƃuoɹʍ ǝq ʎɐɯ sʞunɥɔ pǝʇɔǝɟɟɐ ǝɥʇ uı ƃuıʇɥƃı˥ ˙pǝןqɐuǝ ǝpoɯ ʇsɐℲ",
    "worldedit.fast.disabled.already": "˙pǝןqɐsıp ʎpɐǝɹןɐ ǝpoɯ ʇsɐℲ",
    "worldedit.fast.enabled.already": "˙pǝןqɐuǝ ʎpɐǝɹןɐ ǝpoɯ ʇsɐℲ",
    "worldedit.perf.sideeffect.set": "{1} oʇ ʇǝs ,,{0},, ʇɔǝɟɟǝ ǝpᴉS",
    "worldedit.perf.sideeffect.get": "{1} oʇ ʇǝs sᴉ ,,{0},, ʇɔǝɟɟǝ ǝpᴉS",
    "worldedit.perf.sideeffect.already-set": "{1} ʎpɐǝɹlɐ sᴉ ,,{0},, ʇɔǝɟɟǝ ǝpᴉS",
    "worldedit.perf.sideeffect.set-all": "{0} oʇ ʇǝs sʇɔǝɟɟǝ ǝpᴉs ll∀",
    "worldedit.reorder.current": "{0} sı ǝpoɯ ɹǝpɹoǝɹ ǝɥ⊥",
    "worldedit.reorder.set": "{0} ʍou sı ǝpoɯ ɹǝpɹoǝɹ ǝɥ⊥",
    "worldedit.gmask.disabled": "˙pǝןqɐsıp ʞsɐɯ ןɐqoן⅁",
    "worldedit.gmask.set": "˙ʇǝs ʞsɐɯ ןɐqoן⅁",
    "worldedit.toggleplace.pos1": "˙Ɩ# sod ʇɐ ƃuıɔɐןd ʍoN",
    "worldedit.toggleplace.player": "˙uı puɐʇs noʎ ʞɔoןq ǝɥʇ ʇɐ ƃuıɔɐןd ʍoN",
    "worldedit.searchitem.too-short": "˙(ⵒ < uǝן) ƃuıɹʇs ɥɔɹɐǝs ɹǝƃuoן ɐ ɹǝʇuƎ",
    "worldedit.searchitem.either-b-or-i": "˙ʎןsnoǝuɐʇןnɯıs sƃɐןɟ ,ı, puɐ ,q, ǝɥʇ ɥʇoq ǝsn ʇouuɐɔ no⅄",
    "worldedit.searchitem.searching": "(˙sɯǝʇᴉ ƃuᴉɥɔɹɐǝs ˙˙˙ʇᴉɐʍ ǝsɐǝlԀ)",
    "worldedit.watchdog.no-hook": "˙ʞooɥ ƃopɥɔʇɐʍ ou sɐɥ ɯɹoɟʇɐld sᴉɥ┴",
    "worldedit.watchdog.active.already": "˙ǝʌᴉʇɔɐ ʎpɐǝɹlɐ ʞooɥ ƃopɥɔʇɐM",
    "worldedit.watchdog.inactive.already": "˙ǝʌᴉʇɔɐuᴉ ʎpɐǝɹlɐ ʞooɥ ƃopɥɔʇɐM",
    "worldedit.undo.undone": "˙sʇᴉpǝ ǝlqɐlᴉɐʌɐ {0} pᴉpu∩",
    "worldedit.undo.none": "˙opun oʇ ʇɟǝl ƃuᴉɥʇoN",
    "worldedit.redo.none": "˙opǝɹ oʇ ʇɟǝl ƃuᴉɥʇoN",
    "worldedit.clearhistory.cleared": "˙pǝɹɐǝlɔ ʎɹoʇsᴉH",
    "worldedit.raytrace.noblock": "¡ʇɥƃıs uı ʞɔoןq oN",
    "worldedit.restore.not-configured": "˙pǝɹnƃᴉɟuoɔ ʇou sᴉ ǝɹoʇsǝɹ dnʞɔɐq/ʇoɥsdɐuS",
    "worldedit.restore.not-available": "˙ǝlqɐlᴉɐʌɐ ʇou sᴉ ɹo ʇsᴉxǝ ʇou sǝop ʇoɥsdɐus ʇɐɥ┴",
    "worldedit.restore.failed": "{0} :ʇoɥsdɐus pɐol oʇ pǝlᴉɐℲ",
    "worldedit.restore.loaded": "˙˙˙ƃuᴉɹoʇsǝɹ ʍou ;pǝpɐol ,{0}, ʇoɥsdɐuS",
    "worldedit.restore.restored": "˙sɹoɹɹǝ ɹǝɥʇo {1} puɐ sʞunɥɔ ƃuᴉssᴉɯ {0} ;pǝɹoʇsǝɹ",
    "worldedit.restore.none-for-world": "˙plɹoʍ sᴉɥʇ ɹoɟ punoɟ ǝɹǝʍ sʇoɥsdɐus oN",
    "worldedit.restore.none-found": "˙punoɟ ǝɹǝʍ sdɐɯʇɐǝq oN",
    "worldedit.restore.none-found-console": "˙slᴉɐʇǝp ɹoɟ ǝlosuoɔ ǝǝS ˙punoɟ ǝɹǝʍ sʇoɥsdɐus oN",
    "worldedit.restore.chunk-not-present": "˙ʇoɥsdɐus uᴉ ʇuǝsǝɹd ʇou ǝɹǝʍ sʞunɥƆ",
    "worldedit.restore.chunk-load-failed": "(¿ǝʌᴉɥɔɹɐ pɐq) ˙pǝpɐol ǝq plnoɔ sʞunɥɔ oN",
    "worldedit.restore.block-place-failed": "˙pǝɹoʇsǝɹ ƃuᴉǝq ɯoɹɟ sʞɔolq ʎuɐ pǝʇuǝʌǝɹd sɹoɹɹƎ",
    "worldedit.restore.block-place-error": "{0} :ɹoɹɹǝ ʇsɐ˥",
    "worldedit.snapshot.use.newest": "˙ʇoɥsdɐus ʇsǝʍǝu ƃuᴉsn ʍoN",
    "worldedit.hpos.no-block": "¡ʇɥƃıs uı ʞɔoןq oN",
    "worldedit.butcher.explain-all": "sʞunɥɔ pǝpɐol uᴉ sqoɯ llɐ ǝʌoɯǝɹ oʇ Ɩ- ǝs∩",
    "worldedit.remove.explain-all": "sʞunɥɔ pǝpɐol uᴉ sǝᴉʇᴉʇuǝ llɐ ǝʌoɯǝɹ oʇ Ɩ- ǝs∩",
    "worldedit.calc.invalid": "uoᴉssǝɹdxǝ pᴉlɐʌ ɐ sɐ pǝsɹɐd ǝq ʇou plnoɔ ,{0},",
    "worldedit.paste.pasted": "{0} ʇɐ pǝʇsɐd uǝǝq sɐɥ pɹɐoqdᴉlɔ ǝɥ┴",
    "worldedit.rotate.no-interpolation": "˙pǝpuǝɯɯoɔǝɹ sᴉ 06 ɟo sǝldᴉʇlnɯ ǝɹɐ ʇɐɥʇ sǝlƃuɐ os 'pǝʇɹoddns ʇǝʎ ʇou sᴉ uoᴉʇɐlodɹǝʇuI :ǝʇoN",
    "worldedit.rotate.rotated": "˙pǝʇɐʇoɹ uǝǝq sɐɥ ʎdoɔ pɹɐoqdᴉlɔ ǝɥ┴",
    "worldedit.flip.flipped": "˙pǝddᴉlɟ uǝǝq sɐɥ ʎdoɔ pɹɐoqdᴉlɔ ǝɥ┴",
    "worldedit.clearclipboard.cleared": "˙pǝɹɐǝlɔ pɹɐoqdᴉlƆ",
    "worldedit.set.done": "˙pǝʇǝldɯoɔ uoᴉʇɐɹǝdO",
    "worldedit.set.done.verbose": "˙({0}) pǝʇǝldɯoɔ uoᴉʇɐɹǝdO",
    "worldedit.unstuck.moved": "¡oƃ noʎ ǝɹǝɥ┴",
    "worldedit.ascend.obstructed": "˙punoɟ noʎ ǝʌoqɐ ʇods ǝǝɹɟ oN",
    "worldedit.descend.obstructed": "˙punoɟ noʎ ʍolǝq ʇods ǝǝɹɟ oN",
    "worldedit.ceil.obstructed": "˙punoɟ noʎ ǝʌoqɐ ʇods ǝǝɹɟ oN",
    "worldedit.ceil.moved": "¡ɥsooM",
    "worldedit.thru.obstructed": "˙punoɟ noʎ ɟo pɐǝɥɐ ʇods ǝǝɹɟ oN",
    "worldedit.thru.moved": "¡ɥsooM",
    "worldedit.jumpto.moved": "¡ɟooԀ",
    "worldedit.jumpto.none": "¡(ʎɐʍɐ ɹɐɟ ooʇ ɹo) ʇɥƃᴉs uᴉ ʞɔolq oN",
    "worldedit.up.obstructed": "˙noʎ ǝʌoqɐ ƃuᴉɥʇǝɯos ʇᴉɥ plnoʍ no⅄",
    "worldedit.up.moved": "¡ɥsooM",
    "worldedit.reload.config": "¡pǝpɐoןǝɹ uoıʇɐɹnƃıɟuoƆ",
    "worldedit.report.written": "{0} oʇ uǝʇʇıɹʍ ʇɹodǝɹ ʇıpƎpןɹoM",
    "worldedit.report.error": "{0} :ʇɹodǝɹ ǝʇıɹʍ oʇ pǝןıɐℲ",
    "worldedit.report.callback": "ʇɹodǝɹ˙{0} :ʇɹodǝɹ ʇᴉpƎplɹoM",
    "worldedit.timezone.invalid": "ǝuozǝɯıʇ pıןɐʌuI",
    "worldedit.timezone.set": "{0} :oʇ uoıssǝs sıɥʇ ɹoɟ ʇǝs ǝuozǝɯı⊥",
    "worldedit.timezone.current": "{0} :sı ǝuozǝɯıʇ ʇɐɥʇ uı ǝɯıʇ ʇuǝɹɹnɔ ǝɥ⊥",
    "worldedit.version.version": "{0} uoısɹǝʌ ʇıpƎpןɹoM",
    "worldedit.command.time-elapsed": "˙(ɔǝs/sʞɔolq {2} ;pǝƃuɐɥɔ {1} :ʎɹoʇsᴉɥ) pǝsdɐlǝ s{0}",
    "worldedit.pastebin.uploading": "(˙˙˙uᴉqǝʇsɐd oʇ ʇndʇno ƃuᴉpuǝs ˙˙˙ʇᴉɐʍ ǝsɐǝlԀ)",
    "worldedit.session.cant-find-session": "{0} ɹoɟ uoᴉssǝs puᴉɟ oʇ ǝlqɐu∩",
    "worldedit.tool.max-block-changes": "˙pǝɥɔɐǝɹ ʇᴉɯᴉl ǝƃuɐɥɔ sʞɔolq xɐW",
    "worldedit.tool.no-block": "¡ʇɥƃıs uı ʞɔoןq oN",
    "worldedit.tool.repl.equip": "˙{0} oʇ punoq looʇ ɹǝɔɐldǝɹ ʞɔolq.",
    "worldedit.tool.repl.switched": "{0} :oʇ pǝɥɔʇᴉʍs looʇ ɹǝɔɐldǝᴚ",
    "worldedit.tool.data-cycler.equip": "˙{0} oʇ punoq looʇ ɹǝlɔʎɔ ɐʇɐp ʞɔolq",
    "worldedit.tool.data-cycler.block-not-permitted": "˙ʞɔolq ʇɐɥʇ ɟo ǝnlɐʌ ɐʇɐp ǝɥʇ ǝlɔʎɔ oʇ pǝʇʇᴉɯɹǝd ʇou ǝɹɐ no⅄",
    "worldedit.tool.data-cycler.cant-cycle": "¡pǝlɔʎɔ ǝq ʇouuɐɔ ɐʇɐp s,ʞɔolq ʇɐɥ┴",
    "worldedit.tool.data-cycler.new-value": "˙{1} ʍou sᴉ {0} ɟo ǝnlɐΛ",
    "worldedit.tool.data-cycler.cycling": "˙{0} ƃuᴉlɔʎɔ ʍoN",
    "worldedit.tool.deltree.equip": "˙{0} oʇ punoq looʇ ɹǝʌoɯǝɹ ǝǝɹʇ ƃuᴉʇɐolℲ",
    "worldedit.tool.deltree.not-tree": "˙ǝǝɹʇ ɐ ʇou s,ʇɐɥ┴",
    "worldedit.tool.deltree.not-floating": "˙ǝǝɹʇ ƃuᴉʇɐolɟ ɐ ʇou s,ʇɐɥ┴",
    "worldedit.tool.tree.equip": "˙{0} oʇ punoq looʇ ǝǝɹ┴",
    "worldedit.tool.tree.obstructed": "˙ǝɹǝɥʇ oƃ ʇ,uɐɔ ǝǝɹʇ ∀",
    "worldedit.tool.info.equip": "˙{0} oʇ punoq looʇ oɟuI",
    "worldedit.tool.info.blockstate.hover": "ǝʇɐʇs ʞɔolᗺ",
    "worldedit.tool.info.internalid.hover": "ᗡI lɐuɹǝʇuI",
    "worldedit.tool.info.light.hover": "ǝʌoq∀ ʇɥƃᴉ˥/ʇɥƃᴉ˥ ʞɔolᗺ",
    "worldedit.tool.none.equip": "˙ɯǝʇᴉ ʇuǝɹɹnɔ ɹnoʎ ɯoɹɟ punoqun loo┴",
    "worldedit.tool.selwand.equip": "˙{0} oʇ punoq puɐʍ uoᴉʇɔǝlǝS",
    "worldedit.tool.navwand.equip": "˙{0} oʇ punoq puɐʍ uoᴉʇɐƃᴉʌɐN",
    "worldedit.tool.floodfill.equip": "˙{0} oʇ punoq looʇ llᴉɟ poolɟ ʞɔolq",
    "worldedit.tool.farwand.equip": "˙{0} oʇ punoq looʇ puɐʍ ɹɐℲ",
    "worldedit.tool.lrbuild.equip": "˙{0} oʇ punoq looʇ ƃuᴉplᴉnq ǝƃuɐɹ-ƃuo˥",
    "worldedit.tool.lrbuild.set": "˙{1} oʇ ʇǝs ʞɔᴉlɔ-ʇɥƃᴉɹ ;{0} oʇ ʇǝs ʞɔᴉlɔ-ʇɟǝ˥",
    "worldedit.operation.deform.expression": "{0} ƃuᴉsn pǝɯɹoɟǝp"
}
