{
    "worldedit.expand.description.vert": "Expande verticalmente a selecção até aos limites do mundo.",
    "worldedit.expand.expanded": "Região expandida {0} blocos",
    "worldedit.expand.expanded.vert": "Região expandida {0} blocos (cima para baixo).",
    "worldedit.biomeinfo.lineofsight": "Biomas na linha de visão: {0}",
    "worldedit.biomeinfo.position": "Biomas na tua posição: {0}",
    "worldedit.biomeinfo.selection": "Biomas na tua selecção: {0}",
    "worldedit.brush.radius-too-large": "Raio máximo permitido do pincel: {0}",
    "worldedit.brush.apply.description": "Aplicar pincel, aplicar uma função a cada bloco",
    "worldedit.brush.apply.radius": "O tamanho do pincel",
    "worldedit.brush.apply.shape": "O formato da região",
    "worldedit.brush.apply.type": "Tipo de pincel a usar",
    "worldedit.brush.apply.item.warning": "Este pincel simula o uso de itens. Seus efeitos podem não funcionar em todas as plataformas, podem não ser irreversíveis e podem causar interacções estranhas com outros mods/plugins. Usar por conta própria.",
    "worldedit.brush.paint.description": "Pincel para pintar, aplicar uma função a uma superfície",
    "worldedit.brush.paint.size": "O tamanho do pincel",
    "worldedit.brush.paint.shape": "O formato da região",
    "worldedit.brush.paint.density": "A densidade do pincel",
    "worldedit.brush.paint.type": "Tipo de pincel a usar",
    "worldedit.brush.paint.item.warning": "Este pincel simula o uso de itens. Seus efeitos podem não funcionar em todas as plataformas, podem não ser irreversíveis e podem causar interacções estranhas com outros mods/plugins. Usar por conta própria.",
    "worldedit.brush.sphere.equip": "Pincel com forma esférica equipado ({0}).",
    "worldedit.brush.cylinder.equip": "Pincel com forma cilíndrica equipado ({0} por {1}).",
    "worldedit.brush.clipboard.equip": "Pincel com forma 'clipboard' equipado.",
    "worldedit.brush.smooth.equip": "Pincel suave equipado ({0} x {1} x usando {2}).",
    "worldedit.brush.extinguish.equip": "Extintor equipado ({0}).",
    "worldedit.brush.gravity.equip": "Pincel de gravidade equipado. ({0}).",
    "worldedit.brush.butcher.equip": "Pincel talhante equipado ({0}).",
    "worldedit.brush.operation.equip": "Definir pincel para {0}.",
    "worldedit.brush.none.equip": "Pincel desvinculado do teu item actual.",
    "worldedit.drawsel.disabled": "CUI do servidor desactivado.",
    "worldedit.drawsel.enabled": "CUI do servidor activado. Este apenas suporta regiões cúbicas com um tamanho máximo de 32x32x32.",
    "worldedit.drawsel.disabled.already": "CUI do servidor já se encontra desactivado.",
    "worldedit.drawsel.enabled.already": "CUI do servidor já se encontra activado.",
    "worldedit.limit.too-high": "O teu limite máximo permitido é {0}.",
    "worldedit.limit.set": "Limite de alterações dos blocos definido para {0}.",
    "worldedit.limit.return-to-default": "(Usa //limit para voltar ao padrão.)",
    "worldedit.timeout.too-high": "Seu 'timeout' máximo permitido é {0}ms.",
    "worldedit.timeout.return-to-default": " (Usa //timeout para voltar ao padrão.)",
    "worldedit.fast.disabled": "Modo rápido desactivado.",
    "worldedit.fast.enabled": "Modo rápido activado. Iluminação nos chunks afectados podem estar errados e/ou poderás ter de voltar a entrar no jogo para ver alterações.",
    "worldedit.fast.disabled.already": "Modo rápido já se encontra desactivado.",
    "worldedit.fast.enabled.already": "Modo rápido já se encontra activado.",
    "worldedit.reorder.current": "O modo de reordenação é {0}",
    "worldedit.reorder.set": "O modo de reordenação é agora {0}",
    "worldedit.gmask.disabled": "Máscara global desactivada.",
    "worldedit.gmask.set": "Máscara global definida.",
    "worldedit.toggleplace.pos1": "Colocando agora na posição #1.",
    "worldedit.toggleplace.player": "Colocando agora no bloco que pisas.",
    "worldedit.searchitem.too-short": "Digita uma string de pesquisa maior (dimensão > 2).",
    "worldedit.searchitem.either-b-or-i": "Não podes usar ambos os atributos 'b' e 'i' simultaneamente.",
    "worldedit.searchitem.searching": "(Por favor aguarda... A pesquisar itens.)",
    "worldedit.watchdog.no-hook": "Esta plataforma não possui extensões watchdog.",
    "worldedit.watchdog.active.already": "Extensão watchdog já se encontra activado.",
    "worldedit.watchdog.inactive.already": "Extensão watchdog já se encontra desactivado.",
    "worldedit.watchdog.active": "Extensão watchdog está agora activado.",
    "worldedit.watchdog.inactive": "Extensão watchdog está agora desactivado.",
    "worldedit.world.remove": "Substituição do mundo removida.",
    "worldedit.world.set": "Define a substituição do mundo para {0}. (Usa //world para voltar ao padrão)",
    "worldedit.undo.undone": "Foram restauradas {0} edições possíveis.",
    "worldedit.undo.none": "Não existe mais para desfazer.",
    "worldedit.redo.redone": "{0} edições disponíveis foram refeitas.",
    "worldedit.redo.none": "Não existe mais para refazer.",
    "worldedit.clearhistory.cleared": "Histórico limpo.",
    "worldedit.raytrace.noblock": "Nenhum bloco no campo de visão!",
    "worldedit.hpos.no-block": "Nenhum bloco no campo de visão!",
    "worldedit.wand.navwand.info": "Botão esquerdo: pule para a localização; Botão direito: atravessa as paredes",
    "worldedit.tool.no-block": "Nenhum bloco no campo de visão!"
}
