{
    "worldedit.expand.description.vert": "Utvid utvalg vertikalt til verdensgrensene.",
    "worldedit.expand.expanded": "Region utvidet {0} blokker",
    "worldedit.expand.expanded.vert": "Region utvidet {0} blokker (topp til bunn).",
    "worldedit.biomeinfo.lineofsight": "Biomer i siktelinjepunkt: {0}",
    "worldedit.biomeinfo.position": "Biomer ved din posisjon: {0}",
    "worldedit.biomeinfo.selection": "Biomer ved ditt utvalg: {0}",
    "worldedit.brush.radius-too-large": "Største tillatte penselradius: {0}",
    "worldedit.brush.apply.description": "Bruk pensel, bruk en funksjon på hver blokk",
    "worldedit.brush.apply.radius": "Størrelsen av pensel",
    "worldedit.brush.apply.shape": "Utformingen av regionen",
    "worldedit.brush.apply.type": "Type pensel som skal brukes",
    "worldedit.brush.apply.item.warning": "Denne penselen simulerer bruk av gjenstander. Virkningene som dette virker kanskje ikke på alle plattformer, er kanskje ikke reversible og kan forårsake merkelige interaksjoner med andre mods/plugins. Bruk på eget ansvar.",
    "worldedit.brush.paint.description": "Mal pensel, bruk en funksjon på en overflate",
    "worldedit.brush.paint.size": "Størrelsen av pensel",
    "worldedit.brush.paint.shape": "Utformingen av regionen",
    "worldedit.brush.paint.density": "Tettheten av pensel",
    "worldedit.brush.paint.type": "Type pensel som skal brukes",
    "worldedit.brush.paint.item.warning": "Denne penselen simulerer bruk av gjenstander. Virkningene som dette virker kanskje ikke på alle plattformer, er kanskje ikke reversible og kan forårsake merkelige interaksjoner med andre mods/plugins. Bruk på eget ansvar.",
    "worldedit.brush.sphere.equip": "Sfære penselutforming utstyrt ({0}).",
    "worldedit.brush.cylinder.equip": "Sylinderens penselforming utstyrt ({0} av {1}).",
    "worldedit.brush.clipboard.equip": "Utkappet penselutforming utstyrt.",
    "worldedit.brush.smooth.equip": "Jevn pensel utstyrt ({0} x {1}x ved bruk av {2}).",
    "worldedit.brush.extinguish.equip": "Brannslukker utstyrt ({0}).",
    "worldedit.brush.gravity.equip": "Tyngdekraftpensel utstyrt ({0}).",
    "worldedit.brush.butcher.equip": "Slakterpensel utstyrt ({0}).",
    "worldedit.brush.operation.equip": "Sett pensel til {0}.",
    "worldedit.brush.none.equip": "Pensel ubundet fra din gjeldende tryllestav.",
    "worldedit.drawsel.disabled": "Server-BBG er deaktivert.",
    "worldedit.drawsel.enabled": "Server-BBG er aktivert. Dette støtter bare kubeområder med maksimal størrelse på 32x32x32.",
    "worldedit.drawsel.disabled.already": "Server-BBG er allerede deaktivert.",
    "worldedit.drawsel.enabled.already": "Server-BBG er allerede aktivert.",
    "worldedit.limit.too-high": "Maksimalt tillatt grense er {0}.",
    "worldedit.limit.set": "Blokkendringsgrense satt til {0}.",
    "worldedit.limit.return-to-default": "(Bruk //limit for å gå bake til standard.)",
    "worldedit.timeout.too-high": "Maksimalt tillatte tidsavbrudd er {0}ms.",
    "worldedit.timeout.set": "Tidsavbrudd satt til {0}ms.",
    "worldedit.timeout.return-to-default": " (Bruk //timeout for å gå bake til standard.)",
    "worldedit.fast.disabled": "Raskmodus er deaktivert.",
    "worldedit.fast.enabled": "Raskmodus aktivert. Belysning i de berørte delene kan være galt og/eller du må kanskje gå inn på nytt for å se endringer.",
    "worldedit.fast.disabled.already": "Raskmodus er allerede deaktivert.",
    "worldedit.fast.enabled.already": "Raskmodus er allerede aktivert.",
    "worldedit.perf.sideeffect.set": "Bivirkning \"{0} satt til {1}",
    "worldedit.perf.sideeffect.get": "Bivirkning \"{0} er satt til {1}",
    "worldedit.perf.sideeffect.already-set": "Bivirkning \"{0}\" er allerede {1}",
    "worldedit.perf.sideeffect.set-all": "Alle bivirkninger satt til {0}",
    "worldedit.reorder.current": "Omorganiseringsmodus er {0}",
    "worldedit.reorder.set": "Omorganiseringsmodus er nå {0}",
    "worldedit.gmask.disabled": "Globalmaske deaktivert.",
    "worldedit.gmask.set": "Globalmaske satt.",
    "worldedit.toggleplace.pos1": "Setter nå på pos #1.",
    "worldedit.toggleplace.player": "Setter nå på blokken du står i.",
    "worldedit.searchitem.too-short": "Skriv inn en lengre søkestreng (lengde > 2).",
    "worldedit.searchitem.either-b-or-i": "Du kan ikke bruke både de 'b' og 'i' flaggene samtidig.",
    "worldedit.searchitem.searching": "(Vennligst vent... søk elementer.)",
    "worldedit.watchdog.no-hook": "Denne plattformen har ingen vakthund krok.",
    "worldedit.watchdog.active.already": "Vakthund krok allerede aktiv.",
    "worldedit.watchdog.inactive.already": "Vakthund krok allerede uaktiv.",
    "worldedit.watchdog.active": "Vakthund krok nå aktiv.",
    "worldedit.watchdog.inactive": "Vakthund krok nå uaktiv.",
    "worldedit.world.remove": "Fjernet verdenoverstyring.",
    "worldedit.world.set": "Sette verdenovertyring til {0}. (Bruk //world for å gå bake til standard)",
    "worldedit.undo.undone": "Ugjort {0} tilgjengelige redigeringer.",
    "worldedit.undo.none": "Ikke noe mer å ugjøre.",
    "worldedit.redo.redone": "Gjort om {0} tilgjengelige redigeringer.",
    "worldedit.redo.none": "Ikke noe mer å gjøre om.",
    "worldedit.clearhistory.cleared": "Logg slettet.",
    "worldedit.raytrace.noblock": "Ingen blokk i blikket!",
    "worldedit.restore.not-configured": "Øyeblikksbilde/sikkerhetskopiering gjenopprettingen er ikke konfigurert.",
    "worldedit.restore.not-available": "Dette øyeblikksbildet finnes ikke eller er ikke tilgjengelig.",
    "worldedit.restore.failed": "Kunne ikke laste inn øyeblikksbilde: {0}",
    "worldedit.restore.loaded": "Øyeblikksbildet '{0}' lastet, nå gjenopprettes...",
    "worldedit.restore.restored": "Gjenopprettet; {0} manglende chunks og {1} andre feil.",
    "worldedit.restore.none-for-specific-world": "Fant ingen øyeblikksbilder for verden '{0}'.",
    "worldedit.restore.none-for-world": "Fant ingen øyeblikksbilder for denne verden.",
    "worldedit.restore.none-found": "Fant ingen øyeblikksbilder.",
    "worldedit.restore.none-found-console": "Ingen øyeblikksbilder ble funnet. Se på konsoll for detaljer.",
    "worldedit.restore.chunk-not-present": "Chunks ble ikke tilstede i øyeblikksbildet.",
    "worldedit.restore.chunk-load-failed": "Ingen chunks kunne lastes. (Dårligt arkiv?)",
    "worldedit.restore.block-place-failed": "Feil forhindret noen blokker fra å bli gjenopprettet.",
    "worldedit.restore.block-place-error": "Siste feil: {0}",
    "worldedit.snapshot.use.newest": "Nå bruker det nyeste øyeblikksbildet.",
    "worldedit.snapshot.use": "Øyeblikksbildet satt til: {0}",
    "worldedit.snapshot.none-before": "Kunne ikke finne et øyeblikksbilde før {0}.",
    "worldedit.snapshot.none-after": "Kunne ikke finne et øyeblikksbilde etter {0}.",
    "worldedit.snapshot.index-above-0": "Ugyldig indeks, må være større enn eller lik 1.",
    "worldedit.snapshot.index-oob": "Ugyldig indeks, må være mellom 1 og {0}.",
    "worldedit.schematic.unknown-format": "Ukjent skjematisk format: {0}.",
    "worldedit.schematic.load.does-not-exist": "Skjematisk {0} finnes ikke!",
    "worldedit.schematic.load.loading": "(Vennligst vent... laster skjematisk.)",
    "worldedit.schematic.save.already-exists": "Den skjematiske finnes allerede. Bruk -f flagget for å overskrive den.",
    "worldedit.schematic.save.failed-directory": "Kunne ikke opprette mappe for skjemaer!",
    "worldedit.schematic.save.saving": "(Vennligst vent... lagre skjematisk.)",
    "worldedit.schematic.delete.does-not-exist": "Skjematisk {0} finnes ikke!",
    "worldedit.schematic.delete.failed": "Sletting av {0} mislyktes! Er den skrivebeskyttet?",
    "worldedit.schematic.delete.deleted": "{0} har blitt slettet.",
    "worldedit.schematic.formats.title": "Tilgjengelige utklippstavleformater (Navn: Oppslag navnene)",
    "worldedit.pos.already-set": "Posisjon allerede angitt.",
    "worldedit.pos.console-require-coords": "Du må gi inn koordinater som konsoll.",
    "worldedit.hpos.no-block": "Ingen blokk i blikket!",
    "worldedit.hpos.already-set": "Posisjon allerede angitt.",
    "worldedit.chunk.selected-multiple": "Chunks valgt: ({0}, {1}, {2}) - ({3}, {4}, {5})",
    "worldedit.wand.invalid": "Tryllestavelementet er feilkonfigurert eller deaktivert.",
    "worldedit.wand.selwand.info": "Venstreklikk: velg pos #1; Høyreklikk: velg pos #2",
    "worldedit.wand.navwand.info": "Venstreklikk: hopp til område; Høyreklikk: gå gjennom vegger",
    "worldedit.contract.contracted": "Region kontraktsfestet {0} blokker.",
    "worldedit.shift.shifted": "Region skiftet.",
    "worldedit.outset.outset": "Region utgangspunktet.",
    "worldedit.inset.inset": "Region inngangspunktet.",
    "worldedit.size.offset": "Forskyvning: {0}",
    "worldedit.size.type": "Type: {0}",
    "worldedit.size.size": "Størrelse: {0}",
    "worldedit.size.distance": "Kuperdistanse: {0}",
    "worldedit.size.blocks": "# blokker: {0}",
    "worldedit.count.counted": "Tellet: {0}",
    "worldedit.distr.no-blocks": "Ingen blokker tellet.",
    "worldedit.distr.no-previous": "Ingen tidligere fordeling.",
    "worldedit.distr.total": "Totalt Antall Blokker: {0}",
    "worldedit.select.cleared": "Utvalg tømt.",
    "worldedit.select.cuboid.message": "Kuben: venstreklikk for punkt 1, høyreklikk for punkt 2",
    "worldedit.select.cuboid.description": "Velg to hjørner av en kuben",
    "worldedit.select.extend.message": "Kuben: venstreklikk for et startpunkt, høyreklikk for å utvide",
    "worldedit.select.extend.description": "Rask kubenvalgmodus",
    "worldedit.select.poly.message": "2D polygonvelger: Venstre/høyreklikk for å legge til et punkt.",
    "worldedit.select.poly.limit-message": "{0} punkter maksimum.",
    "worldedit.select.poly.description": "Velg en 2D polygon med høyde",
    "worldedit.select.ellipsoid.message": "Ellipsoid velger: venstreklikk=senter, høyreklikk for å utvide",
    "worldedit.select.ellipsoid.description": "Velg en ellipsoid",
    "worldedit.select.sphere.message": "Sfærevelger: venstreklikk=senter, høyreklikk for å sette radius",
    "worldedit.select.sphere.description": "Velg en sfære",
    "worldedit.select.cyl.message": "Sylindriskvelger: Venstreklikk=senter, høyreklikk for å utvide",
    "worldedit.select.cyl.description": "Velg en sylinder",
    "worldedit.select.convex.message": "Konvekspolyhedralevelger: Venstreklikk=Første verteks, høyreklikk for å legge til flere.",
    "worldedit.select.convex.limit-message": "{0} punkter maksimum.",
    "worldedit.select.convex.description": "Velg en konvekspolyhedrale",
    "worldedit.select.default-set": "Standard regionen din er nå {0}.",
    "worldedit.chunkinfo.chunk": "Chunk: {0}, {1}",
    "worldedit.chunkinfo.old-filename": "Gammelt format: {0}",
    "worldedit.chunkinfo.mcregion-filename": "McRegion: region/{0}",
    "worldedit.listchunks.listfor": "Ramser opp chunks for: {0}",
    "worldedit.drain.drained": "{0} blokker ble drenert.",
    "worldedit.fill.created": "{0} blokker ble fylt.",
    "worldedit.fillr.created": "{0} blokker ble fylt.",
    "worldedit.fixlava.fixed": "{0} blokker ble fikset.",
    "worldedit.fixwater.fixed": "{0} blokker ble fikset.",
    "worldedit.removeabove.removed": "{0} blokker ble fjernet.",
    "worldedit.removebelow.removed": "{0} blokker ble fjernet.",
    "worldedit.removenear.removed": "{0} blokker ble fjernet.",
    "worldedit.replacenear.replaced": "{0} blokker ble ersattet.",
    "worldedit.snow.created": "{0} overflater ble dekket.",
    "worldedit.thaw.removed": "{0} blokker er tint.",
    "worldedit.green.changed": "{0} blokker ble grønnet.",
    "worldedit.extinguish.removed": "{0} branner er slukket.",
    "worldedit.butcher.killed": "{0} vesener ble drept i en radius på {1}.",
    "worldedit.butcher.explain-all": "Bruk -1 til å fjerne alle vesener i innlastede chunks",
    "worldedit.remove.removed": "{0} enheter ble market for fjerning.",
    "worldedit.remove.explain-all": "Bruk -1 til å fjerne alle enheter i innlastede chunks",
    "worldedit.calc.invalid": "'{0}' kunne ikke analyseres som et gyldig uttrykk",
    "worldedit.paste.pasted": "Utklippstavlen har blitt limt inn ved {0}",
    "worldedit.paste.selected": "Valgt utklippstavle limte område.",
    "worldedit.rotate.no-interpolation": "Merk: Interpolasjon er ikke støttet ennå, så vinkler som er multipler på 90 er anbefalt.",
    "worldedit.rotate.rotated": "Utklippstavlen kopiering har blitt rotert.",
    "worldedit.flip.flipped": "Utklippstavlen kopiering har blitt snu.",
    "worldedit.clearclipboard.cleared": "Utklippstavlen er tømt.",
    "worldedit.set.done": "Operasjon fullført.",
    "worldedit.set.done.verbose": "Operasjon fullført ({0}).",
    "worldedit.line.changed": "{0} blokker ble endret.",
    "worldedit.line.invalid-type": "//linje fungerer bare med kubevalg eller konvekse polyhedralvalg",
    "worldedit.curve.changed": "{0} blokker ble endret.",
    "worldedit.curve.invalid-type": "//kurve fungerer bare med konvekse polyhedralvalg",
    "worldedit.replace.replaced": "{0} blokker ble ersattet.",
    "worldedit.stack.changed": "{0} blokker endret. Angre med //undo",
    "worldedit.regen.regenerated": "Region regenerert.",
    "worldedit.regen.failed": "Kan ikke regenerere chunks. Sjekk konsollen for detaljer.",
    "worldedit.walls.changed": "{0} blokker ble endret.",
    "worldedit.faces.changed": "{0} blokker ble endret.",
    "worldedit.overlay.overlaid": "{0} blokker ble kledde.",
    "worldedit.naturalize.naturalized": "{0} blokk(er) ble endret for å se mer naturlig ut.",
    "worldedit.center.changed": "Senter sett. ({0} blokker endret)",
    "worldedit.smooth.changed": "Terrengs høydekart er jevnet. {0} blokker endret.",
    "worldedit.move.moved": "{0} blokker flyttet.",
    "worldedit.deform.deformed": "{0} blokker ble deformert.",
    "worldedit.hollow.changed": "{0} blokker ble endret.",
    "worldedit.forest.created": "{0} trær opprettet.",
    "worldedit.flora.created": "{0} flora opprettet.",
    "worldedit.unstuck.moved": "Der går du!",
    "worldedit.ascend.obstructed": "Ingen ledig sted over deg fant.",
    "worldedit.ascend.moved": "Stigede {0} nivåer.",
    "worldedit.descend.obstructed": "Ingen ledig sted under deg fant.",
    "worldedit.descend.moved": "Synkende {0} nivåer.",
    "worldedit.ceil.obstructed": "Ingen ledig sted over deg fant.",
    "worldedit.ceil.moved": "Wuusj!",
    "worldedit.thru.obstructed": "Ingen ledig sted foran deg fant.",
    "worldedit.thru.moved": "Wuusj!",
    "worldedit.jumpto.moved": "Poff!",
    "worldedit.jumpto.none": "Ingen blokk i siktet (eller for langt borte)!",
    "worldedit.up.obstructed": "Du ville truffet noe over deg.",
    "worldedit.up.moved": "Wuusj!",
    "worldedit.cyl.invalid-radius": "Du må enten spesifisere vediene for radius på 1 eller 2.",
    "worldedit.cyl.created": "{0} blokker ble opprettet.",
    "worldedit.sphere.invalid-radius": "Du må enten spesifisere vediene for radius på 1 eller 3.",
    "worldedit.sphere.created": "{0} blokker ble opprettet.",
    "worldedit.forestgen.created": "{0} trær opprettet.",
    "worldedit.pumpkins.created": "{0} gresskar plastre opprettet.",
    "worldedit.pyramid.created": "{0} blokker ble opprettet.",
    "worldedit.generate.created": "{0} blokker ble opprettet.",
    "worldedit.generate.changed": "{0} kolonner påvirket.",
    "worldedit.reload.config": "Konfigurasjon oppdatert!",
    "worldedit.report.written": "WorldEdit rapport skrevet til {0}",
    "worldedit.report.error": "Feilet med å skrive rapport: {0}",
    "worldedit.report.callback": "WorldEdit rapport: {0}.report",
    "worldedit.timezone.invalid": "Ugyldig tidssone",
    "worldedit.timezone.set": "Tidssone satt for denne økten til: {0}",
    "worldedit.timezone.current": "Gjeldende tid i den tidssone er: {0}",
    "worldedit.version.version": "WorldEdit versjon {0}",
    "worldedit.version.bukkit.unsupported-adapter": "Denne WorldEdit versjonen støtter ikke din versjon av Bukkit. Blokker enheter (f.eks. kister) vil være tom, blokkegenskaper (e.. rotasjon) vil mangle og det kan hende at andre ting ikke virker. Oppdater WorldEdit for å gjenopprette denne funksjonen:\n{0}",
    "worldedit.command.time-elapsed": "{0}s har gått (historie: {1} endret; {2} blokker/sek).",
    "worldedit.command.permissions": "Du har ikke rettigheter til å gjøre det. Er du i riktig modus?",
    "worldedit.command.player-only": "Denne kommandoen må brukes med en spiller.",
    "worldedit.command.error.report": "Vennligst rapporter denne feilen: [Se konsoll]",
    "worldedit.pastebin.uploading": "(Vennligst vent... sender utdata til pastebin...)",
    "worldedit.session.cant-find-session": "Kan ikke finne økt for {0}",
    "worldedit.platform.no-file-dialog": "Fildialoger er ikke støttet i ditt miljø.",
    "worldedit.tool.max-block-changes": "Maksimum blokker endringsgrense nådd.",
    "worldedit.tool.no-block": "Ingen blokk i blikket!",
    "worldedit.tool.repl.equip": "Blokk utskiftingsverktøy bundet til {0}.",
    "worldedit.tool.repl.switched": "Erstatningsverktøy byttet til: {0}",
    "worldedit.tool.data-cycler.equip": "Blokk datasyklusverkøy bundet til {0}.",
    "worldedit.tool.data-cycler.block-not-permitted": "Du har ikke rettigheter til å sykle dataverdien for denne blokken.",
    "worldedit.tool.data-cycler.cant-cycle": "Den blokkens data kan ikke sykles!",
    "worldedit.tool.data-cycler.new-value": "Verdien av {0} er nå {1}.",
    "worldedit.tool.data-cycler.cycling": "Nå sykler {0}.",
    "worldedit.tool.deltree.equip": "Flytende trefjerningsverktøy bundet til {0}.",
    "worldedit.tool.deltree.not-tree": "Det er ingen tre.",
    "worldedit.tool.deltree.not-floating": "Det er ingen flytende tre.",
    "worldedit.tool.tree.equip": "Treverktøy bundet til {0}.",
    "worldedit.tool.tree.obstructed": "Et tre kan ikke være der.",
    "worldedit.tool.info.equip": "Informasjonsverktøy bundet til {0}.",
    "worldedit.tool.info.blockstate.hover": "Blokk tilstand",
    "worldedit.tool.info.internalid.hover": "Intern ID",
    "worldedit.tool.info.legacy.hover": "Eldre id:data",
    "worldedit.tool.info.light.hover": "Blokk Lys/Lys Over",
    "worldedit.tool.none.equip": "Verktøy bundet opp fra ditt nåværende element.",
    "worldedit.tool.selwand.equip": "Utvalgtryllestav bundet til {0}.",
    "worldedit.tool.navwand.equip": "Navigasjontryllestav bundet til {0}.",
    "worldedit.tool.floodfill.equip": "Blokk flomfyllingsverktøy bundet til {0}.",
    "worldedit.tool.farwand.equip": "Langtunnatryllestav bundet til {0}.",
    "worldedit.tool.lrbuild.equip": "Langrekkeviddebygningsverktøy bundet til {0}.",
    "worldedit.tool.lrbuild.set": "Venstreklikk satt til {0}; høyreklikk satt til {1}.",
    "worldedit.tool.stack.equip": "Stabelverktøy bundet til {0}.",
    "worldedit.tool.superpickaxe.mode.single": "Modus er nå enkelt. Venstreklikk med en hakke. // for å deaktivere.",
    "worldedit.tool.superpickaxe.mode.area": "Modus er nå område. Venstreklikk med en hakke. // for å deaktivere.",
    "worldedit.tool.superpickaxe.mode.recursive": "Modus er nå rekursiv. Venstreklikk med en hakke. // for å deaktivere.",
    "worldedit.tool.superpickaxe.max-range": "Maksimum rekkevidde er {0}.",
    "worldedit.tool.superpickaxe.enabled.already": "Superhakke er allerede aktivert.",
    "worldedit.tool.superpickaxe.disabled.already": "Superhakke er allerede deaktivert.",
    "worldedit.tool.superpickaxe.enabled": "Superhakke aktivert.",
    "worldedit.tool.superpickaxe.disabled": "Superhakke deaktivert.",
    "worldedit.tool.mask.set": "Pensel maske satt.",
    "worldedit.tool.mask.disabled": "Pensel maske deaktivert.",
    "worldedit.tool.material.set": "Pensel material satt.",
    "worldedit.tool.range.set": "Pensel rekkevidde satt.",
    "worldedit.tool.size.set": "Pensel størrelse satt.",
    "worldedit.tool.tracemask.set": "Spor maske satt.",
    "worldedit.tool.tracemask.disabled": "Spor maske deaktivert.",
    "worldedit.tool.error.cannot-bind": "Kan ikke binde verktøy til {0}: {1}",
    "worldedit.tool.error.item-only": "Blokker kan ikke brukes.",
    "worldedit.execute.script-permissions": "Du har ikke tillatelse til å bruke det skriptet.",
    "worldedit.executelast.no-script": "Bruk /cs med et skriptnavn først.",
    "worldedit.script.read-error": "Skript lest feil: {0}",
    "worldedit.script.unsupported": "Bare .js skripter støttes for øyeblikket",
    "worldedit.script.file-not-found": "Skript finnes ikke: {0}",
    "worldedit.script.no-script-engine": "Kunne ikke finne en installert skriptmotor.\nVennligst se https://worldedit.enginehub.org/en/latest/usage/other/craftscripts/",
    "worldedit.script.failed": "Kunne ikke utføre: {0}",
    "worldedit.script.failed-console": "Kunne ikke utføre (se konsoll): {0}",
    "worldedit.operation.affected.biome": "{0} biomer påvirket",
    "worldedit.operation.affected.block": "{0} blokker påvirket",
    "worldedit.operation.affected.column": "{0} kolonner påvirket",
    "worldedit.operation.affected.entity": "{0} enheter påvirket",
    "worldedit.operation.deform.expression": "deformert ved hjelp av {0}",
    "worldedit.error.invalid-number": "Nummer forventet; streng oppgitt.",
    "worldedit.error.invalid-number.matches": "Nummer forventet; streng \"{0}\" oppgitt.",
    "worldedit.error.incomplete-region": "Lag et regionutvalg først.",
    "worldedit.error.unknown-block": "Blokknavn '{0}' ble ikke gjenkjent.",
    "worldedit.error.unknown-entity": "Enhetnavn '{0}' ble ikke gjenkjent.",
    "worldedit.error.unknown-mob": "Vesennavn '{0}' ble ikke gjenkjent.",
    "worldedit.error.unknown-biome": "Biomenavn '{0}' ble ikke gjenkjent.",
    "worldedit.error.unknown-tag": "Tagnavn '{0}' ble ikke gjenkjent.",
    "worldedit.error.empty-tag": "Tagnavn '{0}' har ingen innhold.",
    "worldedit.error.no-match": "Ingen lignende result for '{0}'.",
    "worldedit.error.disallowed-block": "Blokk '{0}' er ikke tillat (se WorldEdit konfigurasjon).",
    "worldedit.error.max-changes": "Maksimum blokker endret i en operasjon nådd ({0}).",
    "worldedit.error.max-brush-radius": "Maksimal penselradius (i konfigurasjon): {0}",
    "worldedit.error.max-radius": "Maksimal radius (i konfigurasjon): {0}",
    "worldedit.error.unknown-direction": "Ukjent retning: {0}",
    "worldedit.error.empty-clipboard": "Din utklippstavle er tom. Bruk //copy først.",
    "worldedit.error.invalid-filename": "Filnavn '{0}' ugyldig: {1}",
    "worldedit.error.invalid-filename.invalid-characters": "Ugyldig bokstavner eller utvidelse mangler",
    "worldedit.error.file-resolution": "Fil '{0}' oppløsningsfeil: {1}",
    "worldedit.error.file-resolution.outside-root": "Stien er utenfor tillatt root",
    "worldedit.error.file-resolution.resolve-failed": "Kunne ikke løse stien",
    "worldedit.error.file-aborted": "Filvalg avbrutt.",
    "worldedit.error.no-file-selected": "Ingen fil valgt.",
    "worldedit.error.world-unloaded": "Verden var allerede ulastet.",
    "worldedit.error.not-a-block": "Dette er ikke en blokk.",
    "worldedit.error.not-a-block.item": "Elementet '{0}' er ikke en blokk.",
    "worldedit.error.incorrect-usage": "Bruk: {0}",
    "worldedit.error.invalid-page": "Ugyldig sidenummer",
    "worldedit.error.parser.bad-state-format": "Dårlig statsformat i {0}",
    "worldedit.error.parser.duplicate-property": "Duplisert eiendel: {0}",
    "worldedit.error.parser.empty-state": "Tom del i stat",
    "worldedit.error.parser.missing-equals-separator": "Mangler '=' separator",
    "worldedit.error.parser.clipboard.missing-offset": "Avvik spesifisert med @ men ingen avvik oppgitt. Bruk '#copy@[x,y,z]'.",
    "worldedit.error.parser.unknown-property": "Ukjent egenskap '{0}' for blokk '{1}'",
    "worldedit.error.parser.unknown-value": "Ukjent verdi '{0}' for egenskap '{1}'",
    "worldedit.error.parser.empty-property": "Tom egenskap i tilstand",
    "worldedit.error.parser.empty-value": "Tom verdi i stat",
    "worldedit.error.parser.invalid-colon": "Ugyldig kolon.",
    "worldedit.error.parser.invalid-expression": "Ugyldig uttrykk: {0}",
    "worldedit.error.parser.negate-nothing": "Kan ikke negere ingenting!",
    "worldedit.error.parser.hanging-lbracket": "Ugyldig format. Hengende hakeparentes på '{0}'.",
    "worldedit.error.parser.missing-rbracket": "Tilstand mangler følgende ']'",
    "worldedit.error.parser.missing-random-type": "Mangler typen etter % symbolen for '{0}'",
    "worldedit.error.parser.clipboard.missing-coordinates": "Utstedelse av utklippstavle krever x,y,z koordinater.",
    "worldedit.error.parser.player-only": "Inndata '{0}' krever en spiller!",
    "worldedit.error.disabled": "Denne funksjonaliteten er deaktivert (se WorldEdit konfigurasjon).",
    "worldedit.error.unknown": "Ukjent feil oppstod: {0}",
    "worldedit.error.missing-extent": "Ingen utstrekning er kjent",
    "worldedit.error.missing-session": "Ingen lokaløkt er kjent",
    "worldedit.error.missing-world": "Du må skaffe til en verden (Prøv //world)",
    "worldedit.error.missing-actor": "Ingen figur er kjent",
    "worldedit.selection.convex.info.vertices": "Vertikker: {0}",
    "worldedit.selection.convex.info.triangles": "Triangler: {0}",
    "worldedit.selection.convex.explain.primary": "Startet nytt valg med verteks {0}.",
    "worldedit.selection.convex.explain.secondary": "Lagt verteks {0} til utvalget.",
    "worldedit.selection.cuboid.info.pos1": "Posisjon 1: {0}",
    "worldedit.selection.cuboid.info.pos2": "Posisjon 2: {0}",
    "worldedit.selection.cuboid.explain.primary": "Første posisjon satt til {0}.",
    "worldedit.selection.cuboid.explain.primary-area": "Første posisjon satt til {0} ({1}).",
    "worldedit.selection.cuboid.explain.secondary": "Andre posisjon satt til {0}.",
    "worldedit.selection.cuboid.explain.secondary-area": "Andre posisjon satt til {0} ({1}).",
    "worldedit.selection.extend.explain.primary": "Begynte utvalg på {0} ({1}).",
    "worldedit.selection.extend.explain.secondary": "Utvidet utvalg til å omfatte {0} ({1}).",
    "worldedit.selection.ellipsoid.info.center": "Senter: {0}",
    "worldedit.selection.ellipsoid.info.radius": "X/Y/Z Radius: {0}",
    "worldedit.selection.ellipsoid.explain.primary": "Senter posisjon satt til {0}.",
    "worldedit.selection.ellipsoid.explain.primary-area": "Senter posisjon satt til {0} ({1}).",
    "worldedit.selection.ellipsoid.explain.secondary": "Radius satt til {0}.",
    "worldedit.selection.ellipsoid.explain.secondary-area": "Radius satt til {0} ({1}).",
    "worldedit.selection.ellipsoid.error.even-horizontal": "Ellipsoid endringer må være jevn for hver dimensjon.",
    "worldedit.selection.cylinder.info.center": "Senter: {0}",
    "worldedit.selection.cylinder.info.radius": "Radius: {0}",
    "worldedit.selection.cylinder.explain.primary": "Starter et nytt sylindrisk utvalg ved {0}.",
    "worldedit.selection.cylinder.explain.secondary": "Radius satt til {0}/{1} blokker. ({2})",
    "worldedit.selection.cylinder.explain.secondary-missing": "Du må velge senterpunktet før du setter radiusen.",
    "worldedit.selection.cylinder.error.even-horizontal": "Sylindere endringer må være jevn for hver horisontale dimensjon.",
    "worldedit.selection.polygon2d.info": "# poeng: {0}",
    "worldedit.selection.polygon2d.explain.primary": "Starter en ny polygon på {0}.",
    "worldedit.selection.polygon2d.explain.secondary": "Lagt punkt #{0} til på {1}.",
    "worldedit.selection.polygon2d.error.expand-only-vertical": "Polygoner kan bare utvides vertikalt.",
    "worldedit.selection.polygon2d.error.contract-only-vertical": "Polygoner kan bare være kontraktes vertikalt.",
    "worldedit.selection.sphere.explain.secondary": "Radius satt til {0}.",
    "worldedit.selection.sphere.explain.secondary-defined": "Radius satt til {0} ({1}).",
    "worldedit.selection.null.error.immutable": "Kan ikke endre NullRegion.",
    "worldedit.selection.intersection.error.cannot-expand": "Kan ikke utvide et regionsskjær.",
    "worldedit.selection.intersection.error.cannot-contract": "Kan ikke kontrakte et regionsskjær.",
    "worldedit.selection.transform.error.cannot-expand": "Kan ikke utvide en TransformedRegion.",
    "worldedit.selection.transform.error.cannot-contract": "Kan ikke krympe en TransformedRegion.",
    "worldedit.selection.transform.error.cannot-change": "Kan ikke endre en TransformedRegion.",
    "worldedit.sideeffect.lighting": "Belysning",
    "worldedit.sideeffect.lighting.description": "Oppdateringer blokk belysning",
    "worldedit.sideeffect.neighbors": "Naboer",
    "worldedit.sideeffect.neighbors.description": "Varsler nærliggende blokker av endringer",
    "worldedit.sideeffect.validation": "Validering",
    "worldedit.sideeffect.validation.description": "Validerer og fikser den ukonsekvente verdenstilstanden, som for eksempel frakoblede blokker",
    "worldedit.sideeffect.entity_ai": "Enhet AI",
    "worldedit.sideeffect.entity_ai.description": "Oppdater Enhet AI stier for blokkendringer",
    "worldedit.sideeffect.events": "Mod/Plugin Hendelser",
    "worldedit.sideeffect.events.description": "Forteller andre moder/pluginer om disse endringer når det er aktuelt",
    "worldedit.sideeffect.state.on": "På",
    "worldedit.sideeffect.state.delayed": "Forsinket",
    "worldedit.sideeffect.state.off": "Av",
    "worldedit.sideeffect.box.current": "Nåværende",
    "worldedit.sideeffect.box.change-to": "Klikk for å sette til {0}",
    "worldedit.help.command-not-found": "Kommandoen '{0}' ble ikke funnet.",
    "worldedit.help.no-subcommands": "'{0}' har ingen underkommandoer. (Maybe '{1}' er for en parameter?)",
    "worldedit.help.subcommand-not-found": "Underkommando '{0}' under '{1}' ble ikke funnet.",
    "worldedit.cli.stopping": "Stopper!",
    "worldedit.cli.unknown-command": "Ukjent kommando!"
}
