{
    "worldedit.expand.description.vert": "VERTICALLY EXPAND TEH SELECSHUN 2 WURLD LIMITS.",
    "worldedit.expand.expanded": "REGION EXPANDD {0} BLOCKZ",
    "worldedit.expand.expanded.vert": "REGION EXPANDD {0} BLOCKZ (TOP-2-BOTTOM).",
    "worldedit.biomeinfo.lineofsight": "BIOMEZ AT LINE OV SIGHT POINT: {0}",
    "worldedit.biomeinfo.position": "BIOMEZ AT UR POSISHUN: {0}",
    "worldedit.biomeinfo.selection": "BIOMEZ IN UR SELECSHUN: {0}",
    "worldedit.brush.radius-too-large": "MAXIMUM ALLOWD BRUSH RADIUS: {0}",
    "worldedit.brush.apply.description": "APPLY BRUSH, APPLY FUNCSHUN 2 EVRY BLOCK",
    "worldedit.brush.apply.radius": "TEH SIZE OV TEH BRUSH",
    "worldedit.brush.apply.shape": "TEH SHAPE OV TEH REGION",
    "worldedit.brush.apply.type": "TYPE OV BRUSH 2 USE",
    "worldedit.brush.apply.item.warning": "DIS BRUSH SIMULATEZ ITEM USAGEZ. ITZ EFFECTS CUD NOT WERK ON ALL PLATFORMS, CUD NOT BE UNDO-ABLE, AN CUD CAUSE STRANGE INTERACSHUNS WIF OTHR MODZ/PLUGINS. USE AT UR OWN RISK.",
    "worldedit.brush.paint.description": "PAINT BRUSH, APPLY FUNCSHUN 2 SURFACE",
    "worldedit.brush.paint.size": "TEH SIZE OV TEH BRUSH",
    "worldedit.brush.paint.shape": "TEH SHAPE OV TEH REGION",
    "worldedit.brush.paint.density": "TEH DENSITY OV TEH BRUSH",
    "worldedit.brush.paint.type": "TYPE OV BRUSH 2 USE",
    "worldedit.brush.paint.item.warning": "DIS BRUSH SIMULATEZ ITEM USAGEZ. ITZ EFFECTS CUD NOT WERK ON ALL PLATFORMS, CUD NOT BE UNDO-ABLE, AN CUD CAUSE STRANGE INTERACSHUNS WIF OTHR MODZ/PLUGINS. USE AT UR OWN RISK.",
    "worldedit.brush.sphere.equip": "SFERE BRUSH SHAPE EQUIPPD ({0}).",
    "worldedit.brush.cylinder.equip": "CYLINDR BRUSH SHAPE EQUIPPD ({0} BY {1}).",
    "worldedit.brush.clipboard.equip": "CLIPBORD BRUSH SHAPE EQUIPPD.",
    "worldedit.brush.smooth.equip": "SMOOTH BRUSH EQUIPPD ({0} X {1}X USIN {2}).",
    "worldedit.brush.extinguish.equip": "EXTINGUISHR EQUIPPD ({0}).",
    "worldedit.brush.gravity.equip": "GRAVITY BRUSH EQUIPPD ({0}).",
    "worldedit.brush.butcher.equip": "BUTCHR BRUSH EQUIPPD ({0}).",
    "worldedit.brush.operation.equip": "SET BRUSH 2 {0}.",
    "worldedit.brush.none.equip": "BRUSH UNBOUND FRUM UR CURRENT ITEM.",
    "worldedit.drawsel.disabled": "SERVR CUI DISABLD.",
    "worldedit.drawsel.enabled": "SERVR CUI ENABLD. DIS ONLY SUPPORTS CUBOID REGIONS, WIF MAXIMUM SIZE OV 32X32X32.",
    "worldedit.drawsel.disabled.already": "SERVR CUI ALREADY DISABLD.",
    "worldedit.drawsel.enabled.already": "SERVR CUI ALREADY ENABLD.",
    "worldedit.limit.too-high": "UR MAXIMUM ALLOWABLE LIMIT IZ {0}.",
    "worldedit.limit.set": "BLOCK CHANGE LIMIT SET 2 {0}.",
    "worldedit.limit.return-to-default": "(USE //limit 2 GO BAK 2 TEH DEFAULT.)",
    "worldedit.timeout.too-high": "UR MAXIMUM ALLOWABLE TIEMOUT IZ {0}MS.",
    "worldedit.timeout.return-to-default": " (USE //timeout 2 GO BAK 2 TEH DEFAULT.)",
    "worldedit.fast.disabled": "FAST MODE DISABLD.",
    "worldedit.fast.enabled": "FAST MODE ENABLD. LIGHTIN IN DA AFFECTD CHUNKZ CUD BE WRONG AN/OR U CUD NED 2 REJOIN 2 C CHANGEZ.",
    "worldedit.fast.disabled.already": "FAST MODE ALREADY DISABLD.",
    "worldedit.fast.enabled.already": "FAST MODE ALREADY ENABLD.",
    "worldedit.reorder.current": "TEH REORDR MODE IZ {0}",
    "worldedit.reorder.set": "TEH REORDR MODE IZ NAO {0}",
    "worldedit.gmask.disabled": "GLOBAL MASK DISABLD.",
    "worldedit.gmask.set": "GLOBAL MASK SET.",
    "worldedit.toggleplace.pos1": "NAO PLACIN AT POS #1.",
    "worldedit.toggleplace.player": "NAO PLACIN AT TEH BLOCK U STAND IN.",
    "worldedit.searchitem.too-short": "ENTR LONGR SEARCH STRIN (LEN > 2).",
    "worldedit.searchitem.either-b-or-i": "U CANT USE BOTH TEH 'b' AN 'i' FLAGS SIMULTANEOUSLY.",
    "worldedit.searchitem.searching": "(PLZ WAIT... SEARCHIN ITEMS.)",
    "worldedit.watchdog.no-hook": "DIS PLATFORM HAS NO WATCHDOG HOOK.",
    "worldedit.watchdog.active.already": "WATCHDOG HOOK ALREADY ACTIV.",
    "worldedit.watchdog.inactive.already": "WATCHDOG HOOK ALREADY INACTIV.",
    "worldedit.watchdog.active": "WATCHDOG HOOK NAO ACTIV.",
    "worldedit.watchdog.inactive": "WATCHDOG HOOK NAO INACTIV.",
    "worldedit.world.remove": "REMOVD WURLD OVERRIDE.",
    "worldedit.world.set": "SET TEH WURLD OVERRIDE 2 {0}. (USE //world 2 GO BAK 2 DEFAULT)",
    "worldedit.undo.undone": "UNDID {0} AVAILABLE EDITS.",
    "worldedit.undo.none": "NOTHIN LEFT 2 UNDO.",
    "worldedit.redo.redone": "REDID {0} AVALIBL CHAENJZ.",
    "worldedit.redo.none": "NOTHIN LEFT 2 REDO.",
    "worldedit.clearhistory.cleared": "HISTORY CLEARD.",
    "worldedit.raytrace.noblock": "NO BLOCK IN SIGHT!",
    "worldedit.restore.not-configured": "SNAPSHOT/BAKUP RESTORE IZ NOT CONFIGURD.",
    "worldedit.restore.not-available": "DAT SNAPSHOT DOEZ NOT EXIST OR IZ NOT AVAILABLE.",
    "worldedit.restore.failed": "FAILD 2 LOAD SNAPSHOT: {0}",
    "worldedit.restore.loaded": "SNAPSHOT {0} LOADD; NAO RESTORIN...",
    "worldedit.restore.restored": "RESTORD; {0} MISIN CHUNKZ AN {1} OTHR ERRORS.",
    "worldedit.restore.none-for-specific-world": "NO SNAPSHUTS WUZ FINDZ 4 WURLD '{0}'.",
    "worldedit.restore.none-for-world": "NO SNAPSHOTS WUZ FINDZ 4 DIS WURLD.",
    "worldedit.restore.none-found": "NO SNAPSHOTS WUZ FINDZ.",
    "worldedit.restore.none-found-console": "NO SNAPSHOTS WUZ FINDZ. C CONSOLE 4 DETAILS.",
    "worldedit.restore.chunk-not-present": "CHUNKZ WUZ NOT PRESENT IN SNAPSHOT.",
    "worldedit.restore.chunk-load-failed": "NO CHUNKZ CUD BE LOADD. (BAD ARCHIV?)",
    "worldedit.restore.block-place-failed": "ERRORS PREVENTD ANY BLOCKZ FRUM BEAN RESTORD.",
    "worldedit.restore.block-place-error": "LAST ERROR: {0}",
    "worldedit.snapshot.use.newest": "NAO USIN NEWEST SNAPSHOT.",
    "worldedit.snapshot.use": "SNAPSHOT SET 2: {0}",
    "worldedit.snapshot.none-before": "COULDNT FIND SNAPSHOT BEFORE {0}.",
    "worldedit.snapshot.none-after": "COULDNT FIND SNAPSHOT AFTR {0}.",
    "worldedit.snapshot.index-above-0": "UNVALID INDEX, MUST BE BIGGR THAN OR TEH SAME AS 1.",
    "worldedit.snapshot.index-oob": "INVALID INDEX, MUST BE TWEEN 1 AN {0}.",
    "worldedit.schematic.unknown-format": "UNKNOWN SCHEMATIC FORMAT: {0}.",
    "worldedit.schematic.load.does-not-exist": "SCHEMATIC {0} DOEZ NOT EXIST!",
    "worldedit.schematic.load.loading": "(PLZ WAIT... LOADIN SCHEMATIC.)",
    "worldedit.schematic.save.already-exists": "DAT SCHEMATIC ALREADY EXISTS. USE TEH -f FLAG 2 OVERWRITE IT.",
    "worldedit.schematic.save.failed-directory": "CUD NOT CREATE FOLDR 4 SCHEMATICS!",
    "worldedit.schematic.save.saving": "(PLZ WAIT... SAVIN SCHEMATIC.)",
    "worldedit.schematic.delete.does-not-exist": "SCHEMATIC {0} DOEZ NOT EXIST!",
    "worldedit.schematic.delete.failed": "DELESHUN OV {0} FAILD! IZ READ-ONLY?",
    "worldedit.schematic.delete.deleted": "{0} HAS BEEN DELETD.",
    "worldedit.schematic.formats.title": "AVAILABLE CLIPBORD FORMATS (NAYM: LOOKUP NAMEZ)",
    "worldedit.pos.already-set": "POSISHUN ALREADY SET.",
    "worldedit.pos.console-require-coords": "U MUST PROVIDE COORDINATEZ AS CONSOLE.",
    "worldedit.hpos.no-block": "NO BLOCK IN SIGHT!",
    "worldedit.hpos.already-set": "POSISHUN ALREADY SET.",
    "worldedit.wand.invalid": "WAND ITEM IZ MIS-CONFIGURD OR DISABLD.",
    "worldedit.wand.selwand.info": "LEFT CLICK: SELECT POS #1; RITE CLICK: SELECT POS #2",
    "worldedit.wand.navwand.info": "LEFT CLICK: JUMP 2 LOCASHUN; RITE CLICK: PAS THRU WALLS",
    "worldedit.contract.contracted": "REGION CONTRACTD {0} BLOCKZ.",
    "worldedit.shift.shifted": "REGION SHIFTD.",
    "worldedit.outset.outset": "REGION OUTSET.",
    "worldedit.inset.inset": "REGION INSET.",
    "worldedit.size.offset": "OFFSET: {0}",
    "worldedit.size.type": "TYPE: {0}",
    "worldedit.size.size": "SIZE: {0}",
    "worldedit.size.distance": "CUBOID DISTANCE: {0}",
    "worldedit.size.blocks": "# OV BLOCKZ: {0}",
    "worldedit.count.counted": "COUNTD: {0}",
    "worldedit.distr.no-blocks": "NO BLOCKZ COUNTD.",
    "worldedit.distr.no-previous": "NO PREVIOUS DISTRIBUSHUN.",
    "worldedit.distr.total": "TOTAL BLOCK COUNT: {0}",
    "worldedit.select.cleared": "SELECSHUN CLEARD.",
    "worldedit.select.cuboid.message": "CUBOID: LEFT CLICK 4 POINT 1, RITE CLICK 4 POINT 2",
    "worldedit.select.cuboid.description": "SELECT 2 CORNERS OV CUBOID",
    "worldedit.select.extend.message": "CUBOID: LEFT CLICK 4 STARTIN POINT, RITE CLICK 2 EXTEND",
    "worldedit.select.extend.description": "FAST CUBOID SELECSHUN MODE",
    "worldedit.select.poly.message": "2D POLYGON SELECTOR: LEFT/RITE CLICK 2 ADD POINT.",
    "worldedit.select.poly.limit-message": "{0} POINTS MAXIMUM.",
    "worldedit.select.poly.description": "SELECT 2D POLYGON WIF HEIGHT",
    "worldedit.select.ellipsoid.message": "ELLIPSOID SELECTOR: LEFT CLICK=SENTR, RITE CLICK 2 EXTEND",
    "worldedit.select.ellipsoid.description": "SELECT AN ELLIPSOID",
    "worldedit.select.sphere.message": "SFERE SELECTOR: LEFT CLICK=SENTR, RITE CLICK 2 SET RADIUS",
    "worldedit.select.sphere.description": "SELECT SFERE",
    "worldedit.select.cyl.message": "CYLINDRICAL SELECTOR: LEFT CLICK=SENTR, RITE CLICK 2 EXTEND",
    "worldedit.select.cyl.description": "SELECT CYLINDR",
    "worldedit.select.convex.message": "CONVEX POLYHEDRAL SELECTOR: LEFT CLICK=FURST VERTEX, RITE CLICK 2 ADD MOAR.",
    "worldedit.select.convex.limit-message": "{0} POINTS MAXIMUM.",
    "worldedit.select.convex.description": "SELECT CONVEX POLYHEDRAL",
    "worldedit.select.default-set": "UR DEFAULT REGION SELECTOR IZ NAO {0}.",
    "worldedit.chunkinfo.chunk": "CHUNK: {0}, {1}",
    "worldedit.chunkinfo.old-filename": "OLD FORMAT: {0}",
    "worldedit.chunkinfo.mcregion-filename": "MCREGION: region/{0}\n",
    "worldedit.listchunks.listfor": "LISTIN CHUNKZ 4: {0}",
    "worldedit.drain.drained": "{0} BLOCKZ HAS BEEN DRAIND.",
    "worldedit.fill.created": "{0} BLOCKZ HAS BEEN FILLD.",
    "worldedit.fillr.created": "{0} BLOCKZ HAS BEEN FILLD.",
    "worldedit.fixlava.fixed": "{0} BLOCKZ HAS BEEN FIXD.",
    "worldedit.fixwater.fixed": "{0} BLOCKZ HAS BEEN FIXD.",
    "worldedit.removeabove.removed": "{0} BLOCKZ HAS BEEN REMOVD.",
    "worldedit.removebelow.removed": "{0} BLOCKZ HAS BEEN REMOVD.",
    "worldedit.removenear.removed": "{0} BLOCKZ HAS BEEN REMOVD.",
    "worldedit.replacenear.replaced": "{0} BLOCKZ HAS BEEN REPLACD.",
    "worldedit.snow.created": "{0} SURFACEZ HAS BEEN COVERD.",
    "worldedit.thaw.removed": "{0} BLOCKZ HAS BEEN THAWD.",
    "worldedit.green.changed": "{0} BLOCKZ HAS BEEN GREEND.",
    "worldedit.extinguish.removed": "{0} FIREZ HAS BEEN EXTINGUISHD.",
    "worldedit.butcher.killed": "{0} MOBS HAS BEEN KILLD IN RADIUS OV {1}.",
    "worldedit.butcher.explain-all": "USE -1 2 REMOOV ALL MOBS IN LOADD CHUNKZ",
    "worldedit.remove.removed": "{0} ENTITIEZ HAS BEEN MARKD 4 REMOVAL.",
    "worldedit.remove.explain-all": "USE -1 2 REMOOV ALL ENTITIEZ IN LOADD CHUNKZ",
    "worldedit.calc.invalid": "'{0}' CUD NOT BE PARSD AS VALID EXPRESHUN",
    "worldedit.paste.pasted": "TEH CLIPBORD HAS BEEN PASTD AT {0}",
    "worldedit.paste.selected": "SELECTD CLIPBORD PASTE REGION.",
    "worldedit.rotate.no-interpolation": "NOWT: INTERPOLASHUN IZ NOT YET SUPPORTD, SO ANGLEZ DAT R MULTIPLEZ.",
    "worldedit.rotate.rotated": "TEH CLIPBORD COPY HAS BEEN ROTATD.",
    "worldedit.flip.flipped": "TEH CLIPBORD COPY HAS BEEN FLIPPD.",
    "worldedit.clearclipboard.cleared": "CLIPBORD CLEARD.",
    "worldedit.set.done": "OPERASHUN COMPLETD.",
    "worldedit.set.done.verbose": "OPERASHUN COMPLETD ({0}).",
    "worldedit.line.changed": "{0} BLOCKZ HAS BEEN CHANGD.",
    "worldedit.line.invalid-type": "//line ONLY WERKZ WIF CUBOID SELECSHUNS OR CONVEX POLYHEDRAL SELECSHUNS",
    "worldedit.curve.changed": "{0} BLOCKZ HAS BEEN CHANGD.",
    "worldedit.curve.invalid-type": "//curve ONLY WERKZ WIF CONVEX POLYHEDRAL SELECSHUNS",
    "worldedit.replace.replaced": "{0} BLOCKZ HAS BEEN REPLACD.",
    "worldedit.stack.changed": "{0} BLOCKZ CHANGD. UNDO WIF //undo",
    "worldedit.regen.regenerated": "REGION REGENERATD.",
    "worldedit.regen.failed": "CANT REGENERATE CHUNKZ. CHECK DA CONSOLE 4 DETAILS.",
    "worldedit.walls.changed": "{0} BLOCKZ HAS BEEN CHANGD.",
    "worldedit.faces.changed": "{0} BLOCKZ HAS BEEN CHANGD.",
    "worldedit.overlay.overlaid": "{0} BLOCKZ HAS BEEN OVERLAID.",
    "worldedit.naturalize.naturalized": "{0} BLOCK(S) HAS BEEN MADE 2 LOOK MOAR NACHURAL.",
    "worldedit.center.changed": "SENTR SET. ({0} BLOCKZ CHANGD)",
    "worldedit.smooth.changed": "TERRAINS HEIGHT MAP SMOOTHD. {0} BLOCKZ CHANGD.",
    "worldedit.move.moved": "{0} BLOCKZ MOVD.",
    "worldedit.deform.deformed": "{0} BLOCKZ HAS BEEN DEFORMD.",
    "worldedit.hollow.changed": "{0} BLOCKZ HAS BEEN CHANGD.",
    "worldedit.forest.created": "{0} TREEZ CREATD.",
    "worldedit.flora.created": "{0} FLORA CREATD.",
    "worldedit.unstuck.moved": "THAR U GO!",
    "worldedit.ascend.obstructed": "NO FREE SPOT ABOOV U FINDZ.",
    "worldedit.ascend.moved": "ASCENDD {0} LEVELS.",
    "worldedit.descend.obstructed": "NO FREE SPOT BELOW U FINDZ.",
    "worldedit.descend.moved": "DESCENDD {0} LEVELS.",
    "worldedit.ceil.obstructed": "NO FREE SPOT ABOOV U FINDZ.",
    "worldedit.ceil.moved": "WOOSH!",
    "worldedit.thru.obstructed": "NO FREE SPOT AHEAD OV U FINDZ.",
    "worldedit.thru.moved": "WOOSH!",
    "worldedit.jumpto.moved": "POOF!",
    "worldedit.jumpto.none": "NO BLOCK IN SIGHT (OR 2 FAR AWAY)!",
    "worldedit.up.obstructed": "U WUD HIT SOMETHIN ABOOV U.",
    "worldedit.up.moved": "WOOSH!",
    "worldedit.cyl.invalid-radius": "U MUST EITHR SPECIFY 1 OR 2 RADIUS VALUEZ.",
    "worldedit.cyl.created": "{0} BLOCKZ HAS BEEN CREATD.",
    "worldedit.sphere.invalid-radius": "U MUST EITHR SPECIFY 1 OR 3 RADIUS VALUEZ.",
    "worldedit.sphere.created": "{0} BLOCKZ HAS BEEN CREATD.",
    "worldedit.forestgen.created": "{0} TREEZ CREATD.",
    "worldedit.pumpkins.created": "{0} PUMPKIN PATCHEZ CREATD.",
    "worldedit.pyramid.created": "{0} BLOCKZ HAS BEEN CREATD.",
    "worldedit.generate.created": "{0} BLOCKZ HAS BEEN CREATD.",
    "worldedit.generate.changed": "{0} COLUMNS AFFECTD.",
    "worldedit.reload.config": "CONFIGURASHUN RELOADD!",
    "worldedit.report.written": "WORLDEDIT REPORT WRITTEN 2 {0}",
    "worldedit.report.error": "FAILD 2 RITE REPORT: {0}",
    "worldedit.report.callback": "WORLDEDIT REPORT: {0}.report",
    "worldedit.timezone.invalid": "INVALID TIEMZONE",
    "worldedit.timezone.set": "TIEMZONE SET 4 DIS SESHUN 2: {0}",
    "worldedit.timezone.current": "TEH CURRENT TIEM IN DAT TIEMZONE IZ: {0}",
    "worldedit.version.version": "WORLDEDIT VERSHUN {0}",
    "worldedit.command.time-elapsed": "{0}S ELAPSD (HISTORY: {1} CHANGD; {2} BLOCKZ/SEC).",
    "worldedit.command.permissions": "U R NOT PERMITTD 2 DO DAT. R U IN DA RITE MODE?",
    "worldedit.command.player-only": "DIS COMMAND MUST BE USD WIF PLAYR.",
    "worldedit.command.error.report": "PLZ REPORT DIS ERROR: [C CONSOLE]",
    "worldedit.pastebin.uploading": "(PLZ WAIT... SENDIN OUTPUT 2 PASTEBIN...)",
    "worldedit.session.cant-find-session": "UNABLE 2 FIND SESHUN 4 {0}",
    "worldedit.platform.no-file-dialog": "FILE DIALOGS R NOT SUPPORTD IN UR ENVIRONMENT.",
    "worldedit.tool.max-block-changes": "MAX BLOCKZ CHANGE LIMIT REACHD.",
    "worldedit.tool.no-block": "NO BLOCK IN SIGHT!",
    "worldedit.tool.repl.equip": "BLOCK REPLACR TOOL BOUND 2 {0}.",
    "worldedit.tool.repl.switched": "REPLACR TOOL SWITCHD 2: {0}",
    "worldedit.tool.data-cycler.equip": "BLOCK DATA CYCLR TOOL BOUND 2 {0}.",
    "worldedit.tool.data-cycler.block-not-permitted": "U R NOT PERMITTD 2 CYCLE TEH DATA VALUE OV DAT BLOCK.",
    "worldedit.tool.data-cycler.cant-cycle": "DAT BLOCKZ DATA CANT BE CYCLD!",
    "worldedit.tool.data-cycler.new-value": "VALUE OV {0} IZ NAO {1}.",
    "worldedit.tool.data-cycler.cycling": "NAO CYCLIN {0}.",
    "worldedit.tool.deltree.equip": "FLOATIN TREE REMOVR TOOL BOUND 2 {0}.",
    "worldedit.tool.deltree.not-tree": "THAZ NOT TREE.",
    "worldedit.tool.deltree.not-floating": "THAZ NOT FLOATIN TREE.",
    "worldedit.tool.tree.equip": "TREE TOOL BOUND 2 {0}.",
    "worldedit.tool.tree.obstructed": "A TREE CANT GO THAR.",
    "worldedit.tool.info.equip": "INFO TOOL BOUND 2 {0}.",
    "worldedit.tool.info.blockstate.hover": "BLOCK STATE",
    "worldedit.tool.info.internalid.hover": "INTERNAL ID",
    "worldedit.tool.info.light.hover": "BLOCK LIGHT/LIGHT ABOOV",
    "worldedit.tool.none.equip": "TOOL UNBOUND FRUM UR CURRENT ITEM.",
    "worldedit.tool.selwand.equip": "SELECSHUN WAND BOUND 2 {0}.",
    "worldedit.tool.navwand.equip": "NAVIGASHUN WAND BOUND 2 {0}.",
    "worldedit.tool.floodfill.equip": "BLOCK FLOOD FILL TOOL BOUND 2 {0}.",
    "worldedit.tool.farwand.equip": "FAR WAND TOOL BOUND 2 {0}.",
    "worldedit.tool.lrbuild.equip": "LONG-RANGE BUILDIN TOOL BOUND 2 {0}.",
    "worldedit.tool.lrbuild.set": "LEFT-CLICK SET 2 {0}; RITE-CLICK SET 2 {1}.",
    "worldedit.tool.superpickaxe.mode.single": "MODE IZ NAO SINGLE. LEFT CLICK WIF PICKAXE. // 2 DISABLE.",
    "worldedit.tool.superpickaxe.mode.area": "MODE IZ NAO AREA. LEFT CLICK WIF PICKAXE. // 2 DISABLE.",
    "worldedit.tool.superpickaxe.mode.recursive": "MODE IZ NAO RECURSIV. LEFT CLICK WIF PICKAXE. // 2 DISABLE.",
    "worldedit.tool.superpickaxe.max-range": "MAXIMUM RANGE IZ {0}.",
    "worldedit.tool.superpickaxe.enabled.already": "SUPR PICKAXE ALREADY ENABLD.",
    "worldedit.tool.superpickaxe.disabled.already": "SUPR PICKAXE ALREADY DISABLD.",
    "worldedit.tool.superpickaxe.enabled": "SUPR PICKAXE ENABLD.",
    "worldedit.tool.superpickaxe.disabled": "SUPR PICKAXE DISABLD.",
    "worldedit.tool.mask.set": "BRUSH MASK SET.",
    "worldedit.tool.mask.disabled": "BRUSH MASK DISABLD.",
    "worldedit.tool.material.set": "BRUSH MATERIAL SET.",
    "worldedit.tool.range.set": "BRUSH RANGE SET.",
    "worldedit.tool.size.set": "BRUSH SIZE SET.",
    "worldedit.tool.tracemask.set": "TRACE MASK SET.",
    "worldedit.tool.tracemask.disabled": "TRACE MASK DISABLD.",
    "worldedit.execute.script-permissions": "U DOAN HAS PERMISHUN 2 USE DAT SCRIPT.",
    "worldedit.executelast.no-script": "USE /cs WIF SCRIPT NAYM FURST.",
    "worldedit.script.read-error": "SCRIPT READ ERROR: {0}",
    "worldedit.script.unsupported": "ONLY .js SCRIPTS R CURRENTLY SUPPORTD",
    "worldedit.script.file-not-found": "SCRIPT DOEZ NOT EXIST: {0}",
    "worldedit.script.no-script-engine": "FAILD 2 FIND AN INSTALLD SCRIPT ENGINE.\nPLZ C https://worldedit.enginehub.org/en/latest/usage/other/craftscripts/",
    "worldedit.script.failed": "FAILD 2 EXECUTE: {0}",
    "worldedit.script.failed-console": "FAILD 2 EXECUTE (C CONSOLE): {0}",
    "worldedit.operation.affected.biome": "{0} BIOMEZ AFFECTD",
    "worldedit.operation.affected.block": "{0} BLOCKZ AFFECTD",
    "worldedit.operation.affected.column": "{0} COLUMNS AFFECTD",
    "worldedit.operation.affected.entity": "{0} ENTITIEZ AFFECTD",
    "worldedit.operation.deform.expression": "DEFORMD USIN {0}",
    "worldedit.selection.convex.info.vertices": "VERTICEZ: {0}",
    "worldedit.selection.convex.info.triangles": "TRIANGLEZ: {0}",
    "worldedit.selection.convex.explain.primary": "STARTD NEW SELECSHUN WIF VERTEX {0}.",
    "worldedit.selection.convex.explain.secondary": "ADDD VERTEX {0} 2 TEH SELECSHUN.",
    "worldedit.selection.cuboid.info.pos1": "POSISHUN 1: {0}",
    "worldedit.selection.cuboid.info.pos2": "POSISHUN 2: {0}",
    "worldedit.selection.cuboid.explain.primary": "FURST POSISHUN SET 2 {0}.",
    "worldedit.selection.cuboid.explain.primary-area": "FURST POSISHUN SET 2 {0} ({1}).",
    "worldedit.selection.cuboid.explain.secondary": "SECOND POSISHUN SET 2 {0}.",
    "worldedit.selection.cuboid.explain.secondary-area": "SECOND POSISHUN SET 2 {0} ({1}).",
    "worldedit.selection.extend.explain.primary": "STARTD SELECSHUN AT {0} ({1}).",
    "worldedit.selection.extend.explain.secondary": "EXTENDD SELECSHUN 2 ENCOMPAS {0} ({1}).",
    "worldedit.selection.ellipsoid.info.center": "SENTR: {0}",
    "worldedit.selection.ellipsoid.info.radius": "X/Y/Z RADIUS: {0}",
    "worldedit.selection.ellipsoid.explain.primary": "SENTR POSISHUN SET 2 {0}.",
    "worldedit.selection.ellipsoid.explain.primary-area": "SENTR POSISHUN SET 2 {0} ({1}).",
    "worldedit.selection.ellipsoid.explain.secondary": "RADIUS SET 2 {0}.",
    "worldedit.selection.ellipsoid.explain.secondary-area": "RADIUS SET 2 {0} ({1}).",
    "worldedit.selection.cylinder.info.center": "SENTR: {0}",
    "worldedit.selection.cylinder.info.radius": "RADIUS: {0}",
    "worldedit.selection.cylinder.explain.primary": "STARTIN NEW CYLINDRICAL SELECSHUN AT {0}.",
    "worldedit.selection.cylinder.explain.secondary": "RADIUS SET 2 {0}/{1} BLOCKZ. ({2})",
    "worldedit.selection.cylinder.explain.secondary-missing": "U MUST SELECT TEH SENTR POINT BEFORE SETTIN TEH RADIUS.",
    "worldedit.selection.polygon2d.info": "# POINTS: {0}",
    "worldedit.selection.polygon2d.explain.primary": "STARTIN NEW POLYGON AT {0}.",
    "worldedit.selection.polygon2d.explain.secondary": "ADDD POINT #{0} AT {1}.",
    "worldedit.selection.sphere.explain.secondary": "RADIUS SET 2 {0}.",
    "worldedit.selection.sphere.explain.secondary-defined": "RADIUS SET 2 {0} ({1}).",
    "worldedit.sideeffect.lighting": "LITIN",
    "worldedit.sideeffect.lighting.description": "APTADTES BLOK LITIN",
    "worldedit.help.command-not-found": "TEH COMMAND {0} CUD NOT BE FINDZ.",
    "worldedit.help.no-subcommands": "{0} HAS NO SUB-COMMANDZ. (MAYBE {1} IZ 4 PARAMETR?)",
    "worldedit.help.subcommand-not-found": "TEH SUB-COMMAND {0} UNDR {1} CUD NOT BE FINDZ.",
    "worldedit.cli.stopping": "STOPPIN!",
    "worldedit.cli.unknown-command": "UNKNOWN COMMAND!"
}
