{
    "worldedit.expand.description.vert": "Расширить выделенную область по вертикали от 0 до максимальной высоты строительства.",
    "worldedit.expand.expanded": "Регион расширен на {0} блока(ов)",
    "worldedit.expand.expanded.vert": "Выделенная область расширена на {0} блока(ов) (от самой нижней точки до самой высшей точки).",
    "worldedit.biomeinfo.lineofsight": "Биомы в поле зрения: {0}",
    "worldedit.biomeinfo.position": "Биом там, где вы стоите: {0}",
    "worldedit.biomeinfo.selection": "Биомы в выделенной области: {0}",
    "worldedit.brush.radius-too-large": "Максимально разрешенный радиус кисти: {0}",
    "worldedit.brush.apply.description": "Применить кисть, применить функцию к каждому блоку",
    "worldedit.brush.apply.radius": "Размер кисти",
    "worldedit.brush.apply.shape": "Форма региона",
    "worldedit.brush.apply.type": "Тип кисти для использования",
    "worldedit.brush.apply.item.warning": "Эта кисть имитирует использование предметов. Она может работать не на всех платформах. Не всегда можно отменить. Плохо взаимодействует с другими плагинами/модами. Используйте на свой страх и риск.",
    "worldedit.brush.paint.description": "Кисть, применить функцию к поверхности",
    "worldedit.brush.paint.size": "Размер кисти",
    "worldedit.brush.paint.shape": "Форма региона",
    "worldedit.brush.paint.density": "Плотность кисти",
    "worldedit.brush.paint.type": "Тип кисти для использования",
    "worldedit.brush.paint.item.warning": "Эта кисть имитирует использование предметов. Она может работать не на всех платформах. Не всегда можно отменить уже сделанное ей. Плохо взаимодействует с другими плагинами/модами. Используйте на свой страх и риск.",
    "worldedit.brush.sphere.equip": "Кисть сферической формы экипирована ({0}).",
    "worldedit.brush.cylinder.equip": "Кисть цилиндрической формы экипирована ({0} на {1}).",
    "worldedit.brush.clipboard.equip": "Кисть буфера обмена экипирована.",
    "worldedit.brush.smooth.equip": "Сглаживающая кисть экипирована ({0} x {1}x с маской {2}).",
    "worldedit.brush.extinguish.equip": "Огнетушитель экипирован ({0}).",
    "worldedit.brush.gravity.equip": "Гравитационная кисть экипирована ({0}).",
    "worldedit.brush.butcher.equip": "Забойная кисть экипирована ({0}).",
    "worldedit.brush.operation.equip": "Установите кисть на {0}.",
    "worldedit.brush.heightmap.equip": "Кисть карты высот экипирована ({0}).",
    "worldedit.brush.heightmap.unknown": "Неизвестная кисть карты высот: {0}.",
    "worldedit.brush.none.equip": "Кисть отвязана от предмета в вашей руке.",
    "worldedit.setbiome.changed": "Биом был изменен примерно у {0} блоков.",
    "worldedit.setbiome.warning": "Возможно, вам придется пере-подключиться к вашей игре (или пере-открыть свой мир), чтобы увидеть изменения.",
    "worldedit.drawsel.disabled": "CUI сервера отключен.",
    "worldedit.drawsel.enabled": "CUI сервера включен. Он поддерживает только регионы выделенные как кубоид с максимальным размером 32x32x32.",
    "worldedit.drawsel.disabled.already": "CUI сервера уже отключен.",
    "worldedit.drawsel.enabled.already": "CUI сервера уже включен.",
    "worldedit.limit.too-high": "Ваш максимально допустимый лимит составляет {0}.",
    "worldedit.limit.set": "Лимит изменения блока установлен: {0}.",
    "worldedit.limit.return-to-default": "(Используйте //limit, чтобы вернуться к значению по умолчанию.)",
    "worldedit.timeout.too-high": "Ваш максимальный допустимый перерыв {0} мс.",
    "worldedit.timeout.set": "Время ожидания установлено на {0}мс.",
    "worldedit.timeout.return-to-default": " (Используйте //timeout, чтобы вернуть значение по умолчанию.)",
    "worldedit.fast.disabled": "Быстрый режим отключен.",
    "worldedit.fast.enabled": "Быстрый режим включен. Свет в затрагиваемых чанках может быть неправильным. Вам может потребоваться перезайти, чтобы увидеть изменения.",
    "worldedit.fast.disabled.already": "Быстрый режим уже отключен.",
    "worldedit.fast.enabled.already": "Быстрый режим уже включен.",
    "worldedit.perf.sideeffect.set": "Побочный эффект \"{0}\" установлен на {1}",
    "worldedit.perf.sideeffect.get": "Побочный эффект \"{0}\" установлен на {1}",
    "worldedit.perf.sideeffect.already-set": "Побочный эффект \"{0}\" уже установлен на {1}",
    "worldedit.perf.sideeffect.set-all": "Все побочные эффекты установлены на {0}",
    "worldedit.reorder.current": "Режим повторения {0}",
    "worldedit.reorder.set": "Режим повторения {0}",
    "worldedit.gmask.disabled": "Глобальная маска отключена.",
    "worldedit.gmask.set": "Глобальная маска установлена.",
    "worldedit.toggleplace.pos1": "Первая точка возвращена на исходное местоположение.",
    "worldedit.toggleplace.player": "Блок на котором вы стоите теперь считается первой точкой выделения.",
    "worldedit.searchitem.too-short": "Введите длинную строку поиска (len > 2).",
    "worldedit.searchitem.either-b-or-i": "Вы не можете одновременно использовать флаги 'b' и 'i'.",
    "worldedit.searchitem.searching": "(Пожалуйста, подождите... поиск предметов.)",
    "worldedit.watchdog.no-hook": "У этой платформы нет watchdog hook.",
    "worldedit.watchdog.active.already": "Watchdog hook уже включен.",
    "worldedit.watchdog.inactive.already": "Watchdog hook уже отключен.",
    "worldedit.watchdog.active": "Watchdog hook включен.",
    "worldedit.watchdog.inactive": "Watchdog hook отключен.",
    "worldedit.world.remove": "Переопределение мира удалено.",
    "worldedit.world.set": "Установить переопределение мира: {0}. (Используйте //world, чтобы вернуть значение по умолчанию)",
    "worldedit.undo.undone": "Отменено изменений: {0}.",
    "worldedit.undo.none": "Нечего отменять.",
    "worldedit.redo.redone": "Возвращено изменений: {0}.",
    "worldedit.redo.none": "Нечего возвращать.",
    "worldedit.clearhistory.cleared": "История очищена.",
    "worldedit.raytrace.noblock": "Нет блоков в поле зрения!",
    "worldedit.restore.not-configured": "Снепшоты/резервное копирование не настроены.",
    "worldedit.restore.not-available": "Этот снепшот не существует или недоступен.",
    "worldedit.restore.failed": "Не удалось загрузить снепшот: {0}",
    "worldedit.restore.loaded": "Снимок \"{0}\" был загружен; восстанавливается...",
    "worldedit.restore.restored": "Восстановлено; {0} недостает чанков и {1} другие ошибки.",
    "worldedit.restore.none-for-specific-world": "Снепшоты для мира '{0}' не найдены.",
    "worldedit.restore.none-for-world": "Снепшоты для этого мира не найдены.",
    "worldedit.restore.none-found": "Снепшоты не найдены.",
    "worldedit.restore.none-found-console": "Снепшоты не найдены. Подробная информация в консоли.",
    "worldedit.restore.chunk-not-present": "Чунки не присутствовали в снапшоте.",
    "worldedit.restore.chunk-load-failed": "Не удалось загрузить чанки. (Плохой архив?)",
    "worldedit.restore.block-place-failed": "Ошибки мешали восстановлению любых блоков.",
    "worldedit.restore.block-place-error": "Последняя ошибка: {0}",
    "worldedit.snapshot.use.newest": "Теперь используйте новый снапшот.",
    "worldedit.snapshot.use": "Снапшот установлен: {0}",
    "worldedit.snapshot.none-before": "Снепшоты до {0} не найдены.",
    "worldedit.snapshot.none-after": "Снепшоты после{0} не найдены.",
    "worldedit.snapshot.index-above-0": "Некорректное значение, индекс должен быть больше или равен 1.",
    "worldedit.snapshot.index-oob": "Некорректное значение, индекс должен быть между 1 и {0}.",
    "worldedit.schematic.unknown-format": "Неизвестный формат схемы: {0}.",
    "worldedit.schematic.load.does-not-exist": "Схема {0} не существует!",
    "worldedit.schematic.load.loading": "(Пожалуйста, подождите... загрузка схемы)",
    "worldedit.schematic.load.still-loading": "(Пожалуйста, подождите... загрузка схемы.)",
    "worldedit.schematic.save.already-exists": "Схема с таким названием уже существует. Используйте флаг -f для перезаписи.",
    "worldedit.schematic.save.failed-directory": "Не удалось создать папку для схем!",
    "worldedit.schematic.save.saving": "(Пожалуйста, подождите... сохранение схемы)",
    "worldedit.schematic.save.still-saving": "(Пожалуйста, подождите... сохранение схемы.)",
    "worldedit.schematic.delete.does-not-exist": "Схема {0} не существует!",
    "worldedit.schematic.delete.failed": "Ошибка при удалении схемы {0}! Возможно у файла установлен атрибут \"Только для чтения\"?",
    "worldedit.schematic.delete.deleted": "Схема {0} удалена.",
    "worldedit.schematic.formats.title": "Доступные форматы схем (Название: расширения)",
    "worldedit.schematic.unsupported-minecraft-version": "Эта версия WorldEdit не поддерживает вашу версию Minecraft. Схемы не будут работать, пока это не будет решено.",
    "worldedit.pos.already-set": "Точка уже установлена.",
    "worldedit.pos.console-require-coords": "При использовании этой команды из консоли вы должны указывать координаты.",
    "worldedit.hpos.no-block": "Нет блоков в поле зрения!",
    "worldedit.hpos.already-set": "Точка уже установлена.",
    "worldedit.chunk.selected-multiple": "Выбранные чанки: ({0}, {1}, {2}) - ({3}, {4}, {5})",
    "worldedit.chunk.selected": "Выбранный чанк: {0}, {1}, {2}",
    "worldedit.wand.invalid": "Предмет для выделения территории не настроен или отключен.",
    "worldedit.wand.selwand.info": "ЛКМ - первая точка; ПКМ - вторая точка",
    "worldedit.wand.navwand.info": "ЛКМ: переместиться в точку; ПКМ: пройти через стену",
    "worldedit.contract.contracted": "Выделенная область уменьшена на {0} блока(ов).",
    "worldedit.shift.shifted": "Выделенная область сдвинута.",
    "worldedit.outset.outset": "Выделенная область расширена.",
    "worldedit.inset.inset": "Выделенная область сжата.",
    "worldedit.size.offset": "Смещение: {0}",
    "worldedit.size.type": "Тип: {0}",
    "worldedit.size.size": "Габариты: {0}",
    "worldedit.size.distance": "Расстояние кубоида: {0}",
    "worldedit.size.blocks": "Количество блоков: {0}",
    "worldedit.count.counted": "Количество: {0}",
    "worldedit.distr.no-blocks": "Блоки не найдены.",
    "worldedit.distr.no-previous": "Нет предыдущего распределения.",
    "worldedit.distr.total": "Всего блоков: {0}",
    "worldedit.select.cleared": "Выделение очищено.",
    "worldedit.select.cuboid.message": "Кубоид: ЛКМ - первая точка, ПКМ- вторая точка",
    "worldedit.select.cuboid.description": "Выбелите два угла кубоида",
    "worldedit.select.extend.message": "Кубоид: ЛКМ - начальная точка; ПКМ - расширить",
    "worldedit.select.extend.description": "Режим быстрого выбора кубоида",
    "worldedit.select.poly.message": "2D многоугольник: ПКМ/ЛКМ - добавить точку.",
    "worldedit.select.poly.limit-message": "{0} точки(ек) максимум.",
    "worldedit.select.poly.description": "Выделите 2D многоугольник с высотой",
    "worldedit.select.ellipsoid.message": "Эллипсоид: ЛКМ - центр; ПКМ - расширить",
    "worldedit.select.ellipsoid.description": "Выберите эллипсоид",
    "worldedit.select.sphere.message": "Сфера: ЛКМ - центр; ПКМ - радиус",
    "worldedit.select.sphere.description": "Выберите сферу",
    "worldedit.select.cyl.message": "Цилиндр: ЛКМ - центр; ПКМ - расширить",
    "worldedit.select.cyl.description": "Выберите цилиндр",
    "worldedit.select.convex.message": "Выпуклый многоугольник: ЛКМ - первая вершина; ПКМ - добавить вершину.",
    "worldedit.select.convex.limit-message": "{0} точки(ек) максимум.",
    "worldedit.select.convex.description": "Выберите выпуклый многогранник",
    "worldedit.select.default-set": "Ваш выбор региона по умолчанию {0}.",
    "worldedit.chunkinfo.chunk": "Чанк: {0}, {1}",
    "worldedit.chunkinfo.old-filename": "Старый формат: {0}",
    "worldedit.chunkinfo.mcregion-filename": "Майнкрафт Регион: region/{0}",
    "worldedit.listchunks.listfor": "Список чанков: {0}",
    "worldedit.drain.drained": "{0} блока(ов) осушено.",
    "worldedit.fill.created": "{0} блока(ов) заполнено.",
    "worldedit.fillr.created": "{0} блока(ов) заполнено.",
    "worldedit.fixlava.fixed": "{0} блока(ов) исправлено.",
    "worldedit.fixwater.fixed": "{0} блока(ов) исправлено.",
    "worldedit.removeabove.removed": "{0} блока(ов) удалено.",
    "worldedit.removebelow.removed": "{0} блока(ов) удалено.",
    "worldedit.removenear.removed": "{0} блока(ов) удалено.",
    "worldedit.replacenear.replaced": "{0} блока(ов) заменено.",
    "worldedit.snow.created": "{0} блока(ов) покрыто снегом.",
    "worldedit.thaw.removed": "{0} блока(ов) очищено от снега.",
    "worldedit.green.changed": "{0} блока(ов) озеленено.",
    "worldedit.extinguish.removed": "{0} очага(ов) огня потушены.",
    "worldedit.butcher.killed": "{0} моба(ов) убито в радиусе {1}.",
    "worldedit.butcher.explain-all": "Используйте -1 для удаления всех мобов в загруженных чанках",
    "worldedit.remove.removed": "{0} сущности(ей) отмечены для удаления.",
    "worldedit.remove.explain-all": "Используйте -1 для удаления всех мобов в загруженных чанках",
    "worldedit.calc.invalid": "'{0}' не может быть обработано как допустимое выражение",
    "worldedit.calc.invalid.with-error": "'{0}' не может быть обработано как допустимое выражение: '{1}'",
    "worldedit.paste.pasted": "Буфер обмена был вставлен в {0}",
    "worldedit.paste.selected": "Выделена область, в которую будет вставлено содержимое буфера обмена.",
    "worldedit.rotate.no-interpolation": "Примечание: Интерполяция еще не поддерживается, поэтому рекомендуется использовать углы кратные 90.",
    "worldedit.rotate.rotated": "Содержимое буфера обмена повёрнуто.",
    "worldedit.flip.flipped": "Содержимое буфера обмена зеркально отражено.",
    "worldedit.clearclipboard.cleared": "Буфер обмена очищен.",
    "worldedit.set.done": "Операция завершена.",
    "worldedit.set.done.verbose": "Операция завершена ({0}).",
    "worldedit.line.changed": "{0} блока(ов) изменено.",
    "worldedit.line.invalid-type": "//line работает только с выделениями типа кубоид или выпуклый многогранник",
    "worldedit.curve.changed": "{0} блока(ов) изменено.",
    "worldedit.curve.invalid-type": "//curve работает только с выпуклыми многогранниками",
    "worldedit.replace.replaced": "{0} блока(ов) заменено.",
    "worldedit.stack.changed": "{0} блока(ов) изменено. Используйте //undo, чтобы отменить",
    "worldedit.regen.regenerated": "Выделенная область регенерирована.",
    "worldedit.regen.failed": "Не удалось регенерировать выделенную область. Подробная информация в консоли.",
    "worldedit.walls.changed": "{0} блока(ов) изменено.",
    "worldedit.faces.changed": "{0} блока(ов) изменено.",
    "worldedit.overlay.overlaid": "{0} блока(ов) наложено.",
    "worldedit.naturalize.naturalized": "{0} блока(ов) теперь выглядят более естественно.",
    "worldedit.center.changed": "Центр измененов. ({0} блока(ов) изменено)",
    "worldedit.smooth.changed": "Ландшафт сглажен. {0} блока(ов) изменено.",
    "worldedit.move.moved": "{0} блока(ов) перемещено.",
    "worldedit.deform.deformed": "{0} блока(ов) деформировано.",
    "worldedit.hollow.changed": "{0} блока(ов) изменено.",
    "worldedit.forest.created": "{0} дерева(ьев) создано.",
    "worldedit.flora.created": "{0} растения(ий) создано.",
    "worldedit.unstuck.moved": "Вы освободились!",
    "worldedit.ascend.obstructed": "Нет свободного места над вами.",
    "worldedit.ascend.moved": "Подняться на {0} уровня(ей).",
    "worldedit.descend.obstructed": "Нет свободного места под вами.",
    "worldedit.descend.moved": "Спуститься на {0} уровня(ей).",
    "worldedit.ceil.obstructed": "Нет свободного места над вами.",
    "worldedit.ceil.moved": "Вжух!",
    "worldedit.thru.obstructed": "Нет свободного места перед вами.",
    "worldedit.thru.moved": "Вжух!",
    "worldedit.jumpto.moved": "Бац!",
    "worldedit.jumpto.none": "Нет блока в поле зрения (или он слишком далеко)!",
    "worldedit.up.obstructed": "Ты бы ударил что-то над собой.",
    "worldedit.up.moved": "Вжух!",
    "worldedit.cyl.invalid-radius": "Значение радиуса должно быть 1 или 2.",
    "worldedit.cyl.created": "{0} блока(ов) создано.",
    "worldedit.sphere.invalid-radius": "Значение радиуса должно быть 1 или 3.",
    "worldedit.sphere.created": "{0} блока(ов) создано.",
    "worldedit.forestgen.created": "{0} дерева(ьев) создано.",
    "worldedit.pumpkins.created": "{0} тыкв(ы) создано.",
    "worldedit.pyramid.created": "{0} блока(ов) создано.",
    "worldedit.generate.created": "{0} блока(ов) создано.",
    "worldedit.generate.changed": "{0} столба(ов) затронуто.",
    "worldedit.reload.config": "Конфигурация обновлена!",
    "worldedit.report.written": "WorldEdit отчет записан на {0}",
    "worldedit.report.error": "Не удалось написать отчет: {0}",
    "worldedit.report.callback": "Отчёт WorldEdit: {0}.отчёт",
    "worldedit.timezone.invalid": "Неверный часовой пояс",
    "worldedit.timezone.set": "Часовой пояс для этой сессии изменен: {0}",
    "worldedit.timezone.current": "Текущее время в этом часовом поясе: {0}",
    "worldedit.version.version": "Версия WorldEdit {0}",
    "worldedit.version.bukkit.unsupported-adapter": "Эта версия WorldEdit не поддерживает вашу версию Bukkit до конца. Блоки-сущности (например, сундуки) будут пустыми, состояния блоков (например, поворот) будут отсутствовать, и другие функции могут не работать. Обновите WorldEdit, чтобы восстановить этот функционал:\n{0}",
    "worldedit.trace.no-tracing-extents": "Трассировка: Расширения не были использованы.",
    "worldedit.trace.action-failed": "Трассировка: Действие(я) {0} на позиции {1} отклонено расширением {2}",
    "worldedit.trace.active.already": "Режим трассировки уже активен.",
    "worldedit.trace.inactive.already": "Режим трассировки уже неактивен.",
    "worldedit.trace.active": "Режим трассировки активирован.",
    "worldedit.trace.inactive": "Режим трассировки деактивирован.",
    "worldedit.command.time-elapsed": "{0}с истекло (история: {1} изменено; {2} блоков/сек).",
    "worldedit.command.permissions": "У вас нет на это права!",
    "worldedit.command.player-only": "Эту команду можно использовать только из игры.",
    "worldedit.command.error.report": "Пожалуйста, сообщите об этой ошибке: [Смотрите консоль]",
    "worldedit.pastebin.uploading": "(Пожалуйста, подождите... отправка вывода на pastebin...)",
    "worldedit.session.cant-find-session": "Не удалось найти сессию для {0}",
    "worldedit.platform.no-file-dialog": "Файловый диалог не поддерживается в вашей среде.",
    "worldedit.asset.load.loading": "(Пожалуйста, подождите... загрузка ресурса.)",
    "worldedit.asset.load.still-loading": "(Пожалуйста, подождите... загрузка ресурса.)",
    "worldedit.asset.load.failed": "Не удалось загрузить ресурс",
    "worldedit.tool.max-block-changes": "Достигнут лимит изменения блоков.",
    "worldedit.tool.no-block": "Нет блока в поле зрения!",
    "worldedit.tool.repl.equip": "Инструмент замены блоков привязан к {0}.",
    "worldedit.tool.repl.switched": "Инструмент замены переключен на: {0}",
    "worldedit.tool.data-cycler.equip": "Инструмент для переключения данных блока был назначен на {0}.",
    "worldedit.tool.data-cycler.block-not-permitted": "У вас нет разрешения на переключение значений данных этого блока.",
    "worldedit.tool.data-cycler.cant-cycle": "Данные этого блока не могут быть переключены!",
    "worldedit.tool.data-cycler.new-value": "Значение {0} теперь {1}.",
    "worldedit.tool.data-cycler.cycling": "Сейчас велосипед {0}.",
    "worldedit.tool.deltree.equip": "Инструмент удаления парящих деревьев привязан к {0}.",
    "worldedit.tool.deltree.not-tree": "Это не дерево.",
    "worldedit.tool.deltree.not-floating": "Это не плавающее дерево.",
    "worldedit.tool.tree.equip": "Инструмент создания деревьев привязан к {0}.",
    "worldedit.tool.tree.obstructed": "Дерево не может быть там.",
    "worldedit.tool.info.equip": "Инструмент информации о блоке привязан к {0}.",
    "worldedit.tool.info.blockstate.hover": "Состояние блока",
    "worldedit.tool.info.internalid.hover": "Внутренний ID",
    "worldedit.tool.info.legacy.hover": "Устаревший id:data",
    "worldedit.tool.info.light.hover": "Блокировать Свет/Свет Сверху",
    "worldedit.tool.none.equip": "Инструмент отвязан от предмета в вашей руке.",
    "worldedit.tool.none.to.unequip": "Предмет в вашей руке не привязан.",
    "worldedit.tool.selwand.equip": "Палочка выбора привязана к {0}.",
    "worldedit.tool.navwand.equip": "Палочка навигации привязана к {0}.",
    "worldedit.tool.floodfill.equip": "Инструмент заливки блоков привязан к {0}.",
    "worldedit.tool.farwand.equip": "Инструмент удаленного выделения привязан к {0}.",
    "worldedit.tool.lrbuild.equip": "Строительный инструмент дальнего действия привязан к {0}.",
    "worldedit.tool.lrbuild.set": "Щелкните левой кнопкой мыши на {0}; правой кнопкой мыши задаётся {1}.",
    "worldedit.tool.stack.equip": "Инструмент продления блоков привязан к {0}.",
    "worldedit.tool.superpickaxe.mode.single": "Одиночный режим. Щёлкните левую кнопку мыши с киркой. // для выключения.",
    "worldedit.tool.superpickaxe.mode.area": "Режим области. Щелкните левой кнопкой мыши с киркой. // для выключения.",
    "worldedit.tool.superpickaxe.mode.recursive": "Рекурсивный режим. Щёлкните левой кнопкой мыши с киркой. // для выключения.",
    "worldedit.tool.superpickaxe.max-range": "Максимальный диапазон: {0}.",
    "worldedit.tool.superpickaxe.enabled.already": "Супер-кирка уже включена.",
    "worldedit.tool.superpickaxe.disabled.already": "Супер-кирка уже отключена.",
    "worldedit.tool.superpickaxe.enabled": "Супер-кирка включена.",
    "worldedit.tool.superpickaxe.disabled": "Супер-кирка отключена.",
    "worldedit.tool.mask.set": "Маска для кисти установлена.",
    "worldedit.tool.mask.disabled": "Маска для кисти отключена.",
    "worldedit.tool.material.set": "Материал кисти установлен.",
    "worldedit.tool.range.set": "Диапозон кисти установлен.",
    "worldedit.tool.size.set": "Размер кисти установлен.",
    "worldedit.tool.tracemask.set": "Маска трассировки установлена.",
    "worldedit.tool.tracemask.disabled": "Маска трассировки отключена.",
    "worldedit.tool.error.cannot-bind": "Не удается привязать инструмент к {0}: {1}",
    "worldedit.tool.error.item-only": "Блоки не могут быть использоваться.",
    "worldedit.execute.script-permissions": "У вас нет права на использование этого скрипта.",
    "worldedit.executelast.no-script": "Сначала используйте /cs с названием скрипта.",
    "worldedit.script.read-error": "Ошибка при чтении скрипта: {0}",
    "worldedit.script.unsupported": "В настоящее время поддерживаются только скрипты с расширением js",
    "worldedit.script.file-not-found": "Скрипт не существует: {0}",
    "worldedit.script.no-script-engine": "Не удалось найти установленный скриптовый движок.\nСмотрите https://worldedit.enginehub.org/en/latest/usage/other/craftscripts/",
    "worldedit.script.failed": "Ошибка при выполнении: {0}",
    "worldedit.script.failed-console": "Ошибка при выполнении (смотрите консоль): {0}",
    "worldedit.operation.affected.biome": "{0} биома(ов) затронуты",
    "worldedit.operation.affected.block": "{0} блока(ов) затронуты",
    "worldedit.operation.affected.column": "{0} столба(ов) затронуто",
    "worldedit.operation.affected.entity": "{0} сущности(ей) затронуто",
    "worldedit.operation.deform.expression": "деформировано с помощью {0}",
    "worldedit.error.invalid-number": "Числа нет, а строка есть.",
    "worldedit.error.invalid-number.matches": "Числа нет, а строка \"{0}\" есть.",
    "worldedit.error.incomplete-region": "Сначала выберите регион.",
    "worldedit.error.unknown-block": "Не удается распознать название блока '{0}'.",
    "worldedit.error.unknown-entity": "Не удается распознать название сущности '{0}'.",
    "worldedit.error.unknown-mob": "Не удается распознать название моба '{0}'.",
    "worldedit.error.unknown-biome": "Не удается распознать название биома '{0}'.",
    "worldedit.error.unknown-tag": "Не удается распознать название тега '{0}'.",
    "worldedit.error.empty-tag": "Тег '{0}' ничего не содержит.",
    "worldedit.error.no-match": "Ничего не нашлось по запросу '{0}'.",
    "worldedit.error.disallowed-block": "Блок '{0}' запрещен (см. конфигурацию WorldEdit).",
    "worldedit.error.max-changes": "Достигнуто максимальное количество изменённых блоков в операции ({0}).",
    "worldedit.error.max-brush-radius": "Максимальный радиус кисти есть {0} (см. конфигурацию WorldEdit)",
    "worldedit.error.max-radius": "Максимальный радиус есть {0} (см. конфигурацию WorldEdit)",
    "worldedit.error.unknown-direction": "Неизвестное направление: {0}",
    "worldedit.error.empty-clipboard": "Буфер обмена пуст. Используйте //copy.",
    "worldedit.error.invalid-filename": "Недопустимое имя файла '{0}': {1}",
    "worldedit.error.invalid-filename.invalid-characters": "Недопустимые символы или отсутствуют расширение",
    "worldedit.error.file-resolution": "Ошибка чтения файла '{0}': {1}",
    "worldedit.error.file-resolution.outside-root": "Путь за пределами разрешенной директории",
    "worldedit.error.file-resolution.resolve-failed": "Не удалось прочитать путь",
    "worldedit.error.file-aborted": "Выбор файла отменён.",
    "worldedit.error.no-file-selected": "Файл не выбран.",
    "worldedit.error.world-unloaded": "Мир уже подавно выгружен.",
    "worldedit.error.not-a-block": "Эта вещь не является блоком.",
    "worldedit.error.not-a-block.item": "'{0}' не является блоком.",
    "worldedit.error.incorrect-usage": "Правильный вариант: {0}",
    "worldedit.error.invalid-page": "Неверный номер страницы",
    "worldedit.error.parser.bad-state-format": "Неверный формат состояния в {0}",
    "worldedit.error.parser.duplicate-property": "Повторяющееся свойство: {0}",
    "worldedit.error.parser.empty-state": "Пустая часть в состоянии",
    "worldedit.error.parser.missing-equals-separator": "Отсутствует разделитель '='",
    "worldedit.error.parser.clipboard.missing-offset": "Смещение указано с @, но значение не указано. Используйте '#copy@[x,y,z]'.",
    "worldedit.error.parser.unknown-property": "Неизвестное свойство '{0}' для блока '{1}'",
    "worldedit.error.parser.unknown-value": "Неизвестное значение '{0}' для свойства '{1}'",
    "worldedit.error.parser.empty-property": "Пустое свойство в состоянии",
    "worldedit.error.parser.empty-value": "Пустое значение в состоянии",
    "worldedit.error.parser.invalid-colon": "Некорректное двоеточие.",
    "worldedit.error.parser.invalid-expression": "Недопустимое выражение: {0}",
    "worldedit.error.parser.negate-nothing": "Нельзя отрицать ничто!",
    "worldedit.error.parser.hanging-lbracket": "Некорректный формат. Висящая скобка на позиции '{0}'.",
    "worldedit.error.parser.missing-rbracket": "У состояния отсутствует закрывающая ']'",
    "worldedit.error.parser.missing-random-type": "Не указан тип после символа % в '{0}'",
    "worldedit.error.parser.clipboard.missing-coordinates": "Смещение буфера обмена требует x,y,z координат.",
    "worldedit.error.parser.player-only": "Команда '{0}' требует игрока!",
    "worldedit.error.disabled": "Эта функция отключена (см. конфигурацию WorldEdit).",
    "worldedit.error.unknown": "Произошла неизвестная ошибка: {0}",
    "worldedit.error.missing-extent": "Расширение отсутствует",
    "worldedit.error.missing-session": "Локальная сессия отсутствует",
    "worldedit.error.missing-world": "Вам нужно указать мир (Попробуйте //world)",
    "worldedit.error.missing-actor": "Исполнитель отсутствует",
    "worldedit.selection.convex.info.vertices": "Вершины: {0}",
    "worldedit.selection.convex.info.triangles": "Треугольники: {0}",
    "worldedit.selection.convex.explain.primary": "Выделение области начато, первая вершина {0}.",
    "worldedit.selection.convex.explain.secondary": "Добавить {0} верну к выделенной области.",
    "worldedit.selection.cuboid.info.pos1": "Точка 1: {0}",
    "worldedit.selection.cuboid.info.pos2": "Точка 2: {0}",
    "worldedit.selection.cuboid.explain.primary": "Первая точка установлена: {0}.",
    "worldedit.selection.cuboid.explain.primary-area": "Первая точка установлена: {0} ({1}).",
    "worldedit.selection.cuboid.explain.secondary": "Вторая точка установлена: {0}.",
    "worldedit.selection.cuboid.explain.secondary-area": "Вторая точка установлена: {0} ({1}).",
    "worldedit.selection.extend.explain.primary": "Начальная точка установлена: {0} ({1}).",
    "worldedit.selection.extend.explain.secondary": "Выделенная область после расширения включает: {0} ({1}).",
    "worldedit.selection.ellipsoid.info.center": "Центр: {0}",
    "worldedit.selection.ellipsoid.info.radius": "X/Y/Z радиус: {0}",
    "worldedit.selection.ellipsoid.explain.primary": "Центр установлен: {0}.",
    "worldedit.selection.ellipsoid.explain.primary-area": "Центр установлен: {0} ({1}).",
    "worldedit.selection.ellipsoid.explain.secondary": "Радиус изменен {0}.",
    "worldedit.selection.ellipsoid.explain.secondary-area": "Радиус изменен: {0} ({1}).",
    "worldedit.selection.ellipsoid.error.even-horizontal": "Изменения эллипсоида должны быть чётными для каждого измерения.",
    "worldedit.selection.cylinder.info.center": "Центр: {0}",
    "worldedit.selection.cylinder.info.radius": "Радиус: {0}",
    "worldedit.selection.cylinder.explain.primary": "Начало нового цилиндрического выделения в {0}.",
    "worldedit.selection.cylinder.explain.secondary": "Радиус изменен {0}/{1} блока(ов). ({2})",
    "worldedit.selection.cylinder.explain.secondary-missing": "Вам нужно выбрать центр перед установкой радиуса.",
    "worldedit.selection.cylinder.error.even-horizontal": "Изменения цилиндра должны быть чётными для каждого горизонтального измерения.",
    "worldedit.selection.polygon2d.info": "# очков: {0}",
    "worldedit.selection.polygon2d.explain.primary": "Первая точка многоугольника: {0}.",
    "worldedit.selection.polygon2d.explain.secondary": "Добавлена {0} точка: {1}.",
    "worldedit.selection.polygon2d.error.expand-only-vertical": "Полигоны могут быть расширены только вертикально.",
    "worldedit.selection.polygon2d.error.contract-only-vertical": "Полигоны могут быть сокращены только вертикально.",
    "worldedit.selection.sphere.explain.secondary": "Радиус изменен: {0}.",
    "worldedit.selection.sphere.explain.secondary-defined": "Радиус изменен: {0} ({1}).",
    "worldedit.selection.null.error.immutable": "Невозможно изменить NullRegion.",
    "worldedit.selection.intersection.error.cannot-expand": "Невозможно расширить пересечение регионов.",
    "worldedit.selection.intersection.error.cannot-contract": "Невозможно сократить пересечение регионов.",
    "worldedit.selection.transform.error.cannot-expand": "Невозможно расширить TransformedRegion.",
    "worldedit.selection.transform.error.cannot-contract": "Невозможно сократить TransformedRegion.",
    "worldedit.selection.transform.error.cannot-change": "Невозможно изменитьTransformedRegion.",
    "worldedit.sideeffect.lighting": "Освещение",
    "worldedit.sideeffect.lighting.description": "Обновляет освещение блоков",
    "worldedit.sideeffect.neighbors": "Соседи",
    "worldedit.sideeffect.neighbors.description": "Оповещает соседние блоки об изменениях",
    "worldedit.sideeffect.update": "Обновить",
    "worldedit.sideeffect.update.description": "Уведомляет измененный блок",
    "worldedit.sideeffect.validation": "Проверка",
    "worldedit.sideeffect.validation.description": "Проверяет и исправляет некорректное состояние мира, такое как разъединённые блоки",
    "worldedit.sideeffect.entity_ai": "ИИ сущностей",
    "worldedit.sideeffect.entity_ai.description": "Обновляет пути перемещения в ИИ сущностей, чтобы учесть изменения блоков",
    "worldedit.sideeffect.events": "События мода/плагина",
    "worldedit.sideeffect.events.description": "Сообщает другим модам/плагинам об этих изменениях, когда это применимо",
    "worldedit.sideeffect.state.on": "Вкл.",
    "worldedit.sideeffect.state.delayed": "Отложено",
    "worldedit.sideeffect.state.off": "Выкл.",
    "worldedit.sideeffect.box.current": "Сейчас",
    "worldedit.sideeffect.box.change-to": "Нажмите, чтобы установить на {0}",
    "worldedit.help.command-not-found": "Команда '{0}' не найдена.",
    "worldedit.help.no-subcommands": "У команды '{0}' нет подкоманд. (Возможно '{1}' это параметр)",
    "worldedit.help.subcommand-not-found": "Подкоманда '{0}' '{1}' не найдена.",
    "worldedit.cli.stopping": "Остановка!",
    "worldedit.cli.unknown-command": "Неизвестная команда!"
}
