{
    "worldedit.expand.description.vert": "Zgjero vertikalisht zgjedhjen në kufijtë e botës.",
    "worldedit.expand.expanded": "Rajon i zgjatur prej {0} blloqe",
    "worldedit.expand.expanded.vert": "Rajon i zgjatur prej {0} blloqe (Lart tej fund).",
    "worldedit.biomeinfo.lineofsight": "Biomet në pikën e shikimit : {0}",
    "worldedit.biomeinfo.position": "Biomët në pozicionin tuaj : {0}",
    "worldedit.biomeinfo.selection": "Biomët në zgjedhjen tuaj : {0}",
    "worldedit.brush.radius-too-large": "Rrezja maksimale e lejuar e furçës : {0}",
    "worldedit.brush.apply.description": "Aplikoni furçë, zbatoni një funksion në çdo bllok",
    "worldedit.brush.apply.radius": "Madhësia e furçës",
    "worldedit.brush.apply.shape": "Forma e rajonit",
    "worldedit.brush.apply.type": "Lloji i furçës për t’u përdorur",
    "worldedit.brush.apply.item.warning": "Kjo furçë simulon përdorimet e sendeve. Efektet e saj mund të mos funksionojnë në të gjitha platformat, mund të mos jenë të pa-aftësuar dhe mund të shkaktojnë ndërveprime të çuditshme me mod/shtojcat e tjera. Përdorni me rrezikun tuaj.",
    "worldedit.brush.paint.description": "Furça me bojë, aplikoni një funksion në një sipërfaqe",
    "worldedit.brush.paint.size": "Madhësia e furçës",
    "worldedit.brush.paint.shape": "Forma e rajonit",
    "worldedit.brush.paint.density": "Dendësia e furçës",
    "worldedit.brush.paint.type": "Lloji i furçës për t’u përdorur",
    "worldedit.brush.paint.item.warning": "Kjo furçë simulon përdorimet e sendeve. Efektet e saj mund të mos funksionojnë në të gjitha platformat, mund të mos jenë të pa-aftësuar dhe mund të shkaktojnë ndërveprime të çuditshme me mod/shtojcat e tjera. Përdorni me rrezikun tuaj.",
    "worldedit.brush.sphere.equip": "Formë e pajisur ({0}) për furçë sferike.",
    "worldedit.brush.cylinder.equip": "Formë e pajisur ({0} nga {1}). për furçë cilindri.",
    "worldedit.brush.clipboard.equip": "Furçë me kopje e pajisur.",
    "worldedit.brush.smooth.equip": "Furça zbutëse e pajisur ({0} x {1} x duke përdorur {2}).",
    "worldedit.brush.extinguish.equip": "Zjarrfikës i pajisur ({0}).",
    "worldedit.brush.gravity.equip": "Furça e gravitetit e pajisur ({0}).",
    "worldedit.brush.butcher.equip": "Furça kasapi e pajisur ({0}).",
    "worldedit.brush.operation.equip": "Vendosni furçën në {0}.",
    "worldedit.brush.none.equip": "Furça u hoq nga objekti në dorë.",
    "worldedit.drawsel.disabled": "Serveri CUI u çaktivizua.",
    "worldedit.drawsel.enabled": "Aktivizohet serveri CUI. Kjo mbështet vetëm rajone kuboide, me një madhësi maksimale 32x32x32.",
    "worldedit.drawsel.disabled.already": "Server CUI është çaktivizuar tashmë.",
    "worldedit.drawsel.enabled.already": "Serveri CUI është aktivizuar tashmë.",
    "worldedit.limit.too-high": "Kufiri juaj maksimal i lejueshëm është {0}.",
    "worldedit.limit.set": "Kufiri i ndryshimit të bllokut është vendosur në {0}.",
    "worldedit.limit.return-to-default": "(Përdorni //limit për t'u rikthyer në parazgjedhje.)",
    "worldedit.timeout.too-high": "Afati juaj maksimal i lejueshëm është {0}ms.",
    "worldedit.timeout.set": "Koha e afatit të caktuar është {0}ms.",
    "worldedit.timeout.return-to-default": " (Përdorni //timeout për t'u rikthyer në parazgjedhje.)",
    "worldedit.fast.disabled": "Modaliteti i shpejtë është çaktivizuar.",
    "worldedit.fast.enabled": "Modaliteti i shpejtë i aktivizuar. Ndriçimi në copëzat e prekura mund të jetë i gabuar dhe/ose ju mund të keni nevojë të ribeni përsëri për të parë ndryshime.",
    "worldedit.fast.disabled.already": "Modaliteti i shpejtë është çaktivizuar tashmë.",
    "worldedit.fast.enabled.already": "Modaliteti i shpejtë është aktivizuar tashmë.",
    "worldedit.reorder.current": "Modaliteti i riorganizimit është {0}",
    "worldedit.reorder.set": "Modaliteti i riorganizimit tani është {0}",
    "worldedit.gmask.disabled": "Maska globale është çaktivizuar.",
    "worldedit.gmask.set": "Maskë globale e përcaktuar.",
    "worldedit.toggleplace.pos1": "Tani duke u vendosur në pos #1.",
    "worldedit.toggleplace.player": "Tani duke u vendosur në blloku ku ju jeni duke qëndruar.",
    "worldedit.searchitem.too-short": "Futni një varg kërkimi më të gjatë (gjat > 2).",
    "worldedit.searchitem.either-b-or-i": "Ju nuk mund të përdorni të dyja flamurët 'b' dhe 'i' njëkohësisht.",
    "worldedit.searchitem.searching": "(Ju lutemi prisni... duke kërkuar artikuj.)",
    "worldedit.watchdog.no-hook": "Kjo platformë nuk ka goditje watchdog.",
    "worldedit.watchdog.active.already": "Watchdog tashmë aktive.",
    "worldedit.watchdog.inactive.already": "Watchdog tashmë joaktive.",
    "worldedit.watchdog.active": "Watchdog tani është aktive.",
    "worldedit.watchdog.inactive": "Watchdog tani është joaktive.",
    "worldedit.world.remove": "Tejkaloja i botës e hequr.",
    "worldedit.world.set": "Vendoseni që bota të tejkalojë në {0}. (Përdorni //botë për të kthyer përsëri në parazgjedhje)",
    "worldedit.undo.undone": "Undid {0} redaktimet në dispozicion.",
    "worldedit.undo.none": "Asgjë nuk mbetet për të zhbërë.",
    "worldedit.clearhistory.cleared": "Historia u pastrua.",
    "worldedit.raytrace.noblock": "Nuk ka bllok në shikim!",
    "worldedit.hpos.no-block": "Nuk ka bllok në shikim!",
    "worldedit.hpos.already-set": "Pozicioni i vendosur tashmë.",
    "worldedit.chunk.selected-multiple": "Copëza të zgjedhura : ({0}, {1}, {2}) - ({3}, {4}, {5})",
    "worldedit.wand.invalid": "Shkopit është i konfiguruar gabimisht ose i çaktivizuar.",
    "worldedit.wand.selwand.info": "Klikoni në të majtë : zgjidhni poz #1 ; Klikoni me të djathtën : zgjidhni pozin #2",
    "worldedit.wand.navwand.info": "Klikoni në të majtë : kërce në vendndodhje ; Klikoni me të djathtën : kaloni nëpër mure",
    "worldedit.contract.contracted": "Rajoni është kontraktuar nga {0} blloqe.",
    "worldedit.shift.shifted": "Rajoni u zhvendos.",
    "worldedit.outset.outset": "Rajoni është dilatuar.",
    "worldedit.inset.inset": "Rajoni është zvogëluar.",
    "worldedit.size.offset": "Ndryshim : {0}",
    "worldedit.size.type": "Lloji : {0}",
    "worldedit.size.size": "Madhësia : {0}",
    "worldedit.size.distance": "Distanca kuboide : {0}",
    "worldedit.size.blocks": "Numri i blloqeve : {0}",
    "worldedit.count.counted": "Numëruar : {0}",
    "worldedit.distr.no-blocks": "Asnjë bllok nuk llogaritet.",
    "worldedit.distr.no-previous": "Asnjë shpërndarje e mëparshme.",
    "worldedit.distr.total": "Numri total i bllokut : {0}",
    "worldedit.select.cleared": "Zgjedhja u pastrua.",
    "worldedit.tool.no-block": "Nuk ka bllok në shikim!"
}
